date_detection_utc,titre,source,url,statut,motif
2026-09-14T12:46:26Z,Baromètre de l’élection présidentielle – vague 5 - ifopgroup.com,Google News RSS,https://news.google.com/rss/articles/CBMiiAFBVV95cUxPU0Vfc21xUzFEVktEVVBsUDBlbjZseDMtdm5QUkU0Vjh0UUNfeG4wV0VUSDI1ekpISXZjYnNFVWVKS1ZDTW5TeUhyQ256M25vZE9ZWU1mN1pMWmlfM19UN2MzUVEtM0R3djVrRlNHSTJmSTRzYU1CdndjMjFNdC15dFNwdGViZTRn?oc=5,À vérifier,Nouveau résultat de veille présidentielle 2027
2026-09-14T12:46:26Z,Présidentielle 2027 : impopularité record des hommes politiques - Valeurs actuelles,Google News RSS,https://news.google.com/rss/articles/CBMiyAFBVV95cUxNNkRtYXdDdWQyM3M0MVFGR2ZXUU4zRHIyel91Rk16WkFsX2lQVUxOTlJJd3VGVlUtQ0ROTEZablRuaU8yMDlKTDNYX1RuSU5nUndhdnVrVkpqSGdBVHNFeVFOMERRczlKbDZ6ZHRtUTdHbDhYeFhReWdncFJKRWFlODlXNTVsQlRWSGZSSEg1TFBfa2FPTTVRdmZzT1ZMZFNuNHo0LWQ3N2lWY0JST1h4NVF1VmxsX1VyZlNSMUdqZ3BmeVRJckstcQ?oc=5,À vérifier,Nouveau résultat de veille présidentielle 2027
2026-09-14T12:46:26Z,"Présidentielle 2027 : Le Pen toujours loin devant, Mélenchon en position de se qualifier au second tour, Glucksmann en dynamique… Découvrez le sondage du Figaro - Le Figaro",Google News RSS,https://news.google.com/rss/articles/CBMiugJBVV95cUxOOTFnbkVoZ2tQNkFpRW85TmhQU1B1TWstS1FaMkhBUUpYbTh6S1B2WmdhR2ZzTDB0eERkRHJsMWt3WHl6OG1vRmFVbFlIZjhXY1otcUxDbms0elpCbHI5dUhVdHhuTWhwdXJHM0ROb3RiaEJVeVFJMWJOZ1JiS28zeUp5YnQ1ZDlCVExheE1INld6NGVvU1RsMFBoNVRLNU9NUlE1SHhxM3h3ZElwYXBOTlFpaG1odk5VVzgxbzBVRWhhdGRNTFFMaF92eC15aUgzNW5YVWN4bWE0MTZkYWtmOGo3bjIteHJVNVR1b2wwS1A4YjVtOWpwRnNVTlB5V1NMc1BiOHN5Wmx4dGNRQjJzVkdqNXVjQkU2MTZSbzhabEJJRmZmTFpCY0puYUdfdjROY1h0MEZncGU3dw?oc=5,À vérifier,Nouveau résultat de veille présidentielle 2027
2026-09-14T12:46:26Z,"Sondage présidentielle 2027 : Bardella donné loin devant Philippe, Glucksmann et Mélenchon au coude-à-coude - Yahoo Actualités",Google News RSS,https://news.google.com/rss/articles/CBMimAFBVV95cUxQYnhpY2s1cG5MZVJqa1RmNEozQXpONWJ2UEpJQVJZNl9KZktpTFJOc0kxdktHVmpnNHk4RWdRSV9YQk04V1N4UDR1SjhyUjRieHR3d2ZCVGRKZE1yTzA4R0xxVFZHU2w0ZGZvQU9oODF5V2p2aVJSYU9ybzUzSWRHaU5ZQUxZbTNjQVlLN1RRNjViWUc4SUpIaA?oc=5,À vérifier,Nouveau résultat de veille présidentielle 2027
2026-09-14T12:46:26Z,Les Français et l’élection présidentielle 2027 - ELABE,Google News RSS,https://news.google.com/rss/articles/CBMiU0FVX3lxTE1LU1ZUOTJJV2UxTWp2bG4zMk11aVRMNEowcmZRTVVTdS1fWjJnR3RuYVBoaG9jWjFpdVNLMUhmb3dHLTVTTGsycUV6Q1UtUUREd2tV?oc=5,À vérifier,Nouveau résultat de veille présidentielle 2027
2026-09-14T12:46:26Z,"SONDAGE RTL - Présidentielle 2027 : Marine Le Pen en léger recul pour la première fois, Jean-Luc Mélenchon se stabilise aux portes du second tour - rtl.fr",Google News RSS,https://news.google.com/rss/articles/CBMikwJBVV95cUxQTEFVdnpoaEtIdjNEZEVFY1Qzc3NxdkcxV3E2ZmVja2FJcm1kRkZvTW9nRXdnZjFaUHp0MGUtdGNURThNZFZIWE1pVzVqeGJoU2V6QjJiaHFZcHU2dU1ZcGRPV0xRUE1DU2t1RVlkR1cyb0VEaUFLUEttZjF6dUZjQzl1WDRteDNIWm1KRElRREpDYkhDMFQ3LS1sUXhscWZpNE9WYzl3ZGZnQjluYkh5emVYU29rckxKZ04zTWMzSnFCc2V2RDI3LWhibU1YME5Lakszb0taT1dXUFlqMkQtTUE0NUYwTXM2NGREX1pWeTJKbFZJV29WMWpaMFJnenliSE1YUXpEODFnRTVRWXhybGZ0aw?oc=5,À vérifier,Nouveau résultat de veille présidentielle 2027
2026-09-14T12:46:26Z,"Présidentielle 2027 - Sondage : Marine Le Pen en léger recul pour la première fois, Jean-Luc Mélenchon toujours en tête de file pour la gauche - ladepeche.fr",Google News RSS,https://news.google.com/rss/articles/CBMilAJBVV95cUxPdjRwZmVsNHVEWGZ3T0g3UEh2Q2dreVZnLTVTby12WTZSSmc4SVQ5OFQtcnZpNFJDZkc3T0NoTjI3NmJiSVl2Q0hBbnZQMUVsNW1POTFOOTJKNWFKNDFHcURTeW1HZnBOU3F3TENOOTJvWlE1UFQxYzBMbnFvbTVGZndGRjhseEc5TjE0TEgtNGVyME85bDhDbW44WXBjcGludGlLeWNqbkotMDhzdFZFYTVpUnFnVEdlajdUYXN6aXl6SDkwYmFmR1ZBdnhQMEZmY3Jvc3Z2eTEwbnBRLWVPVVJwZDVUaE5GcVZlQ09hV1VSanQ0WnB3THBFQ05kM3RMSE1nYzVyTWFnWW54MDNfQkpYQTY?oc=5,À vérifier,Nouveau résultat de veille présidentielle 2027
2026-09-14T12:46:26Z,"Présidentielle 2027: Marine Le Pen toujours largement favorite selon un nouveau sondage, un duel Jean-Luc Mélenchon-Édouard Philippe pour la seconde place - BFM",Google News RSS,https://news.google.com/rss/articles/CBMizwJBVV95cUxQaHhqcld1WVV4QUZVVkVDZ0lKNzh5dHpnTi14cXNQVEZxZGFmRGxuNGZvdFNpQy14MWRLWXU2UUZPeXkyQkhGOVJkSXJWaXU0YVpHZDgxWWtZbEIyMEpwdUJsV1FBR25ZRV9PeVV4bDEzaTJQcFViandaeTdodnBsM0RGamFNNWxNYTdGZmVLT1FiODB0aGYwcV9ZMlBnWXJQbG1RX2ItbDMxaFFjWC11ODduOWpqVEhZMlNzalcwUHVUU2FkTU0tMzFfOFE5cW5lcmlhZFVNQnkyX2IxWEdmSWZfTHVjWHZ1N3hwby1FSWJiZnFmT0JCU3E2Ty1uelpCWjAtV3VWanBnVVRNZF92dzh5RmRXaGRmY1VmM0diUFZVRWZQUEtEbS1HQ1I5NUVtOFVuS2g5YTIzN1luMTJ6bVF3anFTQ1JCLUtwMVFBdw?oc=5,À vérifier,Nouveau résultat de veille présidentielle 2027
2026-09-14T12:46:26Z,"Présidentielle 2027 : Marine Le Pen connaît un premier recul dans les sondages, Jean‑Luc Mélenchon en embuscade - Ohmymag",Google News RSS,https://news.google.com/rss/articles/CBMi2wFBVV95cUxPNXFQZEtUZV9VY21IcXFQeEdhWi1BU1FZNUZKaTdiU0FpczgzV180Wm42S2FVckZ0UG13R3lxNFBRaE03dG9ob2pSMHROZWdRX1FpMjhRSnZjU1hNSml1Mm40VFlzdFJEQmNBRko5QWVQOXJuMS1VUWhJSnJ0YXo0TGFPUDVFM3BCTm1VcTFnQkp2WlZyTko3YUNqeXJBYzZwN1hUYlYzQ3NNT1laa1Uybmk3Rl83N3FMT2s2TXhnSUJzWTZwSFZaS1hDYms2Y0dNYXFyM0IxRkc4SmM?oc=5,À vérifier,Nouveau résultat de veille présidentielle 2027
2026-09-14T12:46:26Z,DECRYPTAGE. Présidentielle 2027 : les sondages sont-ils vraiment fiables ? Toutes les questions que vous vous posez sur ces enquêtes d'opinion - ladepeche.fr,Google News RSS,https://news.google.com/rss/articles/CBMikwJBVV95cUxOeGdyT0dtUFdLQUNhYnZtNV9CRnhUTE5lWUZzY3ZRTjhqREtPMFpvdU5LaUUxMldid2VQeWhmd3o0SlFFOGRKYWxkQlduaDhHS19pRFFZeG52LUtmd2E2TlNMZEhMSVlvTWQ5THBzdExEUFdfRlhsWDJrVldCT3h2WGlEN2hKNzNueHdGRWFuYWtUM21hMHlfTG5PaDRZTXJTVVpMeVBoZHcwMlVZSlRoT2xObjVNSkhDandFTHNBUmhpa0xhUEswcTRDQVBzV2Qta3I2dlNRblVuNm1pZ2ttWWZERnZwMlg1akVlSXY0Um50SkdvVURSejhub1VrQjVFT0xxcjVITTBZVWxmcXBZbWR5UQ?oc=5,À vérifier,Nouveau résultat de veille présidentielle 2027
2026-09-14T12:46:26Z,79% des Français disent être intéressés par l'élection présidentielle - BFM,Google News RSS,https://news.google.com/rss/articles/CBMi5wFBVV95cUxPZ2RldE9mSVJnZ2xnaGphWk9rMkJWdkloUHVuSnlEUWhKR2stbkMtNTNJY0NXdEdmTWxuUEdCNDFYeHRqeXlibEpxbzQyYkRMVEpzM0ZRNWxDLTZVTVVhcEZsTlVBV1lNUklRYTlVZmR6bDV0ZlFiXzlmU2lFNTBQYVVUU2lxdHhWU2w5SmlKTUFrY2MxWlZLN0xJSU5PVDl1V1hkbnBVZmRsMjJzRVdmSk9WWmpKZHpIaUtlRXhfa2VtcHlaS0NhVV94X2ZxOFNzN2xHX3ZJTXhtTVFSREZOWUdzeWdBa2s?oc=5,À vérifier,Nouveau résultat de veille présidentielle 2027
2026-09-14T12:46:26Z,"Présidentielle 2027 : Jean-Luc Mélenchon, la fusée des sondages, au second tour face à Marine Le Pen ? - l'Opinion",Google News RSS,https://news.google.com/rss/articles/CBMiygFBVV95cUxPNlZDS1g2SmRXM25tRGJCanp2XzZYajA5aHBnWVFDUzR3U1kxa0ZrUThSZWN6alB6dF8xMWRLaHYtclFfMjgxd3pkNmxTWjBPdEo2TjVjdHBrVW5XY3lsNkhma2MzaG5KWXRXaWRpaWJwanN2STZqdUNVXzF1M29JWGdRcE1vUUZ2aVVzZHM1cmRTYi04dU1BQjBsaEVzM0tMMjdzWXJRa3g2ajdzaFRKeks1Sk1TaGRQMllJRGFJakJJckNmZTQ2S2xB?oc=5,À vérifier,Nouveau résultat de veille présidentielle 2027
2026-09-14T12:46:26Z,Présidentielle 2027 - Sondage : seule l'hypothèse d'une candidature de François Hollande pourrait empêcher un second tour Mélenchon-Le Pen - ladepeche.fr - ladepeche.fr,Google News RSS,https://news.google.com/rss/articles/CBMijgJBVV95cUxPb3llUmFtZVJuRFZhcFp1SkdlcE41RFJjaW80LVFDeGNXaHJFX3BBejV0Q1psdllnYXNOQWJBSnY5bnpyYkpQNnlGQWhFd0xBUURpdlRRYzY0X1c5cUJIV1hFX1h0MldTTlZQZlRkcHF1TWh1c2xPVTJOU1FSNGU0OVRSbFlVUV9UQ3RVQ2JyX3lPZEZ2RGVpYkIyMUZublR2RS1lY2syTVhmSTRqdXhxRUUyVEhSRjZXMFZKX2tmVnNKdDJzODNYZ0xtZG5LMWJsazM3ci1CWmFUSmoxNjRMMnZtcDlMRFowUXRIOHdFMjdFR1Via1h3MnZsWVFSMEM3VFowSmRFZVIxUTExcXc?oc=5,À vérifier,Nouveau résultat de veille présidentielle 2027
2026-09-14T12:46:26Z,"Sondage : sans candidature unique au centre, Jean-Luc Mélenchon en ballotage favorable pour accéder au second tour face à Marine Le Pen - CNews",Google News RSS,https://news.google.com/rss/articles/CBMisgFBVV95cUxQNVFBTkZWRXdtbjVaeFlNLTNaT29tazM3VENGaDFYOFc4bkM2eW5OUXk1SEliaFBZc1BUS1lyS0tDWTA0WU5rLVg1U2w5RDY4MW4ydTZGOEdGbmhEUEpoMklSbEl0cGFleDZiTk9rcjBvR1lHalVfTmhyQmZ1aU4zZ1FHYVZLZHNRTnoxLWhNbHhSbjJ1VzlzTTlMR09WNVo1Mk1DQi1XT1BwVTFsamliS1pB0gG3AUFVX3lxTE9ta1BnSUpTb2NsVE54UVRCOTZ1VEdNU0RWaXBQZWI0M0tWSUxybGctU3h4eFE1T0VOWWtwX1FxeEZHc21WU0kzWVRneDBzMV9qdnJrX014bTVTSW4zV3Bnd2Z5M0pibzczaFJBc1JKc194WHA2c0RCdC1TV01tSmhaX2xLSmJTdEFiT1RJWlBxd0tNcGdiVGNlQndjbElNaG5aOGQtb0FkS1FIeU1NbHM1TWhZMWZmTQ?oc=5,À vérifier,Nouveau résultat de veille présidentielle 2027
2026-09-14T12:46:26Z,"SONDAGE – Présidentielle 2027 : Marine Le Pen toujours largement en tête, Mélenchon et Philippe au coude à coude quel que soit le candidat socialiste - Europe 1",Google News RSS,https://news.google.com/rss/articles/CBMikwJBVV95cUxNWFBvbUlCMWh4VEV4eFVOTzlSNmwzQTZ4YVNsSU9SR0JTb1FhWjE2UGFMUXpJbzV4LW02dVhVeEVSMkpQMDl1eF9Sbm5Td3FLZUhxRVAxcG5peVRKc3o0eDl2bHNQMzZPTC1vN3hFcnJFM1NNaThYa2gteGN1QnI3Zlk4UEQwNXJ5amVwbHF2NG9DS25fbS1XMFJWcDVJcE9NNDJQcTlEUk0zVVY3ZHNmM0RhVGo4UkhsN3UwNFNUT056TzBzXzBxalN4clFmZThITzZRUkk3NzIzMmFQTEQxUW1JekdVeExnNVNYaHhrLUhQOG9YTTYxdGFtVmY5eHRKUFdfN1JCSXNmSjJ4MU4yQmJwb9IBmAJBVV95cUxPbkdMOTJySnlzVHRaYS1BbmtVLWVIMTRJYm9BN3dMTHVnQ3pxeW1LZ3FyWWVwRnliXzFzMlRuaE93emlFWjRyV1FqZ3RHMXg2ck84dUg4MzRxYXA3YXNnRFh2V2tvMU1yR3VuREdtTEZqZGtXTXZZQmNQdUZxQlhuNmhXOFNGcURzUjRnOHhmT0NpLVhrTjZiQ2JHdUtMeGlIOFlUMHFwaXQ3X3VTQkxpQ0dRTUtvNFdCWlUwbmpxMzhIeVR5VHZ0ZlUwYUx4LUdtYjNRbzRISFdMTVoyVExlVFRhYWRHXzdjU3ZnMllZS0tMLUkyLVhEU3RDblUzbV9DRkVUSDJxb2VNZGtRZTFNQ0RoR0FPUmgy?oc=5,À vérifier,Nouveau résultat de veille présidentielle 2027
2026-09-14T12:46:26Z,"SONDAGE Présidentielle 2027 : Édouard Philippe et Jean-Luc Mélenchon au coude-à-coude, Gabriel Attal distancé… ce que révèle cette nouvelle enquête d’opinion - Midi Libre",Google News RSS,https://news.google.com/rss/articles/CBMinAJBVV95cUxQaWlWMUlXNGNqcjRFd3dsemFxSnNJZGMxcUowQVhHMWJsbkxZZF9VSU8yUGhIMm5rZHdmdFBDRjE3djBkZ1V5dGNCeDdrNzQ0SFZRa2tTRUkwaGZISFJrUzZzMzZMaTR3MlFZQTQ2TjJGMXhOckNndF8wRHkxR2k2X3FTNGRIcDl5OHpGckVLZ0pram56TlIxdkJfSzJnVXJoNlhqSVZPRE5ZeU4yRnFHc0VTYjE4S0xJR21NMDEwcTNSX1VZelFXQ1ZqMFNIbThhNzl5dTNkN0xiX3A1Q1NNaENPclM2YkY0bl9RS3VVdi1mTjVRMV9welRHWXY2S0pnbDh4UXhYS1A3U2Y2RVB2WlVzR1ktUS1vb2hucA?oc=5,À vérifier,Nouveau résultat de veille présidentielle 2027
2026-09-14T12:46:26Z,Sondage présidentielle 2027 : tous les résultats du baromètre PrésiTrack - Les Echos,Google News RSS,https://news.google.com/rss/articles/CBMixgFBVV95cUxNYlJ6SnVualh5MTBLM01MTkV3TDJkQXlZWENSTG82ZXd1NDZnYTRUNGNpa3RIRDB2ek1FZW1kVXl1YUhlbzFkUU9IdHhTS0tVMFAzYUR0ZG9Wd0xDUG5IMW9YM0xpUDU4WW5ZZXF2dVJoN0t2S1oybF9oOWVuUEpyY180VUhhWnYwTnRSNFczazY2VkRYbklCeEFmTEVZUXA1LWJubkZRZXVCNGJXWUYwY2E0ejlIdDhELUpOS1R5QWVCR20zSWc?oc=5,À vérifier,Nouveau résultat de veille présidentielle 2027
2026-09-14T12:46:26Z,"SONDAGE EXCLUSIF - Présidentielle 2027 : Le Pen domine encore largement, le duel Attal-Philippe reste ouvert - Les Echos",Google News RSS,https://news.google.com/rss/articles/CBMi8gFBVV95cUxPWXc5VkE5MHpHc1d3QVFIMUNMdVNKS2p4V3VQR2pscXdBWnFNREVaTGt6U2pydllmQ24zTE91N25qTmhLTE85cmh4aHNMSHpuY1RMSjdLSno1aXlmUkZzNW5vOU9FMkNpZkpPRGJsTVVkd29QOERxNmVlandxNy03dkRKWEwyM1B5ejlCX1FwdVRMbFA4OTl4V2N3dHhsck5rdGpDQkNBM2twSVF1cjBnVzhRNS04MW4wVWxuXzcwTmRSdkczVlRpYVdocE51UjNhYVRzMjg3NzVxSWxfc0RYNUhFbFZld3l0YU1KLXNCeDQtUQ?oc=5,À vérifier,Nouveau résultat de veille présidentielle 2027
2026-09-14T12:46:26Z,"Présidentielle 2027 : les CSP+ séduites par Marine Le Pen, selon un sondage - Valeurs actuelles",Google News RSS,https://news.google.com/rss/articles/CBMi7AFBVV95cUxNY0Q4U0U4eWxXc01yNmdVSjRLRDNabEs0RGExNWJmWTUyTE9vR2tLbHM0U1lxVzBKaWNLRUVmUm9mb2xOLS1MUWdxMkUyeFU0Y2RZdk9yOFFXaUdkR05ZUjRydUw4M2xmUHVkakp5RktrNFpFMHRVd2hLdmpydF80RzZQNUo5VzFxZk05QmJIU0FXM21nRklPazcydndRQjBIelc1YUVDOVUyVEtpVlNEd25FbU1iTG12d1dLZ0w2VEpyWFJPOFFoV3FxaFVZaGh6bjNXaDVSeVA2WWtjV3BsdUM0ZkJfdDdFSGgwWQ?oc=5,À vérifier,Nouveau résultat de veille présidentielle 2027
2026-09-14T12:46:26Z,"Présidentielle 2027 : ce sondage promet une déroute à 67 % à Mélenchon face à Le Pen, sauf un scénario - Le Tribunal du Net",Google News RSS,https://news.google.com/rss/articles/CBMioAFBVV95cUxNeF8zQk84ZEM5QVRHZWsyS0NqR1lxS1c2Rmkza1VkOC1HOHBnenpwTlhWUlBtRGpCYVJiVWQ2Y3dtNjU1UDBDUTR1WWhUVmVtMlZFUVBaRGZ5MWF0TndiSDRfSzlyRTN1Mjh3SjFoMk1hLTlyZUJtZmh6V3dGRDRfYkhwa2RGLUwwVnJ5c2tHZWJrd2JVMkVaU0hyTDVuMjFT?oc=5,À vérifier,Nouveau résultat de veille présidentielle 2027
2026-09-14T12:46:26Z,SONDAGE EXCLUSIF - Présidentielle 2027 : les électeurs de la droite et du centre veulent une primaire pour désigner un candidat unique - Les Echos,Google News RSS,https://news.google.com/rss/articles/CBMilgJBVV95cUxPZzIyTl9ubFYwMjBJS3VQTllKYjJoSkNRUGs4d01jMXNyR3RYMUZrWm41MnFlVHBTZk1FdG5nOEhCUlJ3YWJoYkR3dVJacnp5UTNEZF95OFF4amU2MWtURmxjU0phUWpzN0JmeFNfOFR4LUlTblJlNEZfQ1VtZlVfY0VEUmstdTNWQzlWZ2tfUmh3QWM1TlltUVI4R3FLdzhXUjhwbm5SRTZXSTRDMkxTYmxaMjhIYldUYm9YUXZhOXBpeXZ2ck5Jd2ZCRUlWUVk1SGVMX0wwZFFkMjFXanlaRWxmaUd2djc5cmx0ZjJxWWppT2p2TzhXa3ZrZlRYeDJ3ZzJyWGgxbG9RX2tlclhVWndiOU9EUQ?oc=5,À vérifier,Nouveau résultat de veille présidentielle 2027
2026-09-14T12:46:26Z,"SONDAGE Présidentielle 2027 : Mélenchon au second tour dans la plupart des scénarios, Attal jamais qualifié - Midi Libre",Google News RSS,https://news.google.com/rss/articles/CBMi3gFBVV95cUxQdG9sYVNpelpjSkhuYnV6TlkwVWFtaWVIb1lBdHFPUTE5YjJrU3dVaXdfWW0ySFdJQTQ5YUVwVFNseGZ2VlFIMVRlS1M3aEdsMVJpUzFMSFY4ZHFCbU12WkhyZ0xmQTNGUUxaRDk0QmNfazJzWWx2VVQ0QVhadG85bWdNSkNoVlViU3Y0Ul9Ieng4SWdkQ2xUVmtSQXJJei1xcjdKNk0zQU9XQWZHdFYzWHpRdTFTRjNrekoyZ2VPUmFNZjBtcjlvYU1WWDFVbFdfeTZTN0pUOGVha1lwQnc?oc=5,À vérifier,Nouveau résultat de veille présidentielle 2027
2026-09-14T12:46:26Z,Présidentielle 2027 : le point à 7 mois du scrutin - Ipsos,Google News RSS,https://news.google.com/rss/articles/CBMif0FVX3lxTFAxdE56bl9CN0ZKYlhXOVNSZGVzWXNjQ0psczV2b1Vzd0czRmlDaDM5M0hpRV9Qc3VwWGp5ZmFlbW9Tb2hxUGJvTGtFbkpqdEJELUllS0dYQ2Vac0dQWHlDbUZzbFlHM0pVazJFNWdRNUtITEF2dnAxbFdnSUVuRG8?oc=5,À vérifier,Nouveau résultat de veille présidentielle 2027
2026-09-14T12:46:26Z,Présidentielle 2027 : un profond désir de changement - Le Monde.fr,Google News RSS,https://news.google.com/rss/articles/CBMitwFBVV95cUxQTEtCaWl6MXhxNURuS2s0VnU5eVM2RFMxcUR2TnU2bktqOWF6QTZDbDV3VTZBMlYwMFp2YzlFTXRXYi1xLVdHdHpYTE42VmI1U1pUS0VnZEtGSmoyYUxDdmIzbTktc2RQYTc0SHlmajkyY0pfUHhpbWdJN3dLNlp3ejk3aU9CcEhCNXVVUk52aHRTcnB4MkpmTG9pMGRhR2hMZFBmYWdqY09EelV4ZUtOVWtjdC1VNTA?oc=5,À vérifier,Nouveau résultat de veille présidentielle 2027
2026-09-14T12:46:26Z,Marine Le Pen en tête dans un nouveau sondage pour la présidentielle - 20 Minutes,Google News RSS,https://news.google.com/rss/articles/CBMitwFBVV95cUxOSjlTUFNXakZ6ejVKb2ZhVTJHR1lsTXN6VUxtSGZRWHUwRDVZeVNWMWlWUG52OXBSYTVWdEVtTVJGU3Bpc19wNjJhMDZQYjRXVi1xMzVtcVFnLVd2THBOSUhrUjRaSjRWSTVPWi1EVEQ3eWRTbDZpUWQ2TjRfQjJMUDFsczd3UldmT25FbW13Tjl6aFp0dlBPU005U19NNkVwdHRIaU9MZVlLbzBud3JrLTdIR0ZqZDQ?oc=5,À vérifier,Nouveau résultat de veille présidentielle 2027
2026-09-14T12:46:26Z,Baromètre politique Ipsos bva-CESI École d'ingénieurs pour La Tribune Dimanche - Septembre 2026 - Ipsos,Google News RSS,https://news.google.com/rss/articles/CBMigwFBVV95cUxQb0lZVl9XeWFTdW8ySDZ5NTI2ajgxT0pocWZmMGtBZUhPSS1hYVFDM2xUNVR0TmRGNkxnZ3dXZ0RqNS1QTWZkSzFZTkNaOEJ1N1RvOFBsZEZtSEdEVjJNUUNEZHFQYll4OUlFb0NhcG5XYWxIOTV3RUpEX1lpZFpJckNZRQ?oc=5,À vérifier,Nouveau résultat de veille présidentielle 2027
2026-09-14T12:46:26Z,"Présidentielle 2027 : Marine Le Pen loin devant, Jean-Luc Mélenchon au second tour dans 4 scénarios testés sur 6, selon un dernier sondage - CNews",Google News RSS,https://news.google.com/rss/articles/CBMiugFBVV95cUxPdHJkRUQxS2ZwX3E0NzZSR19zaWJEVzBFaEQxcHZ0bXhDVXZoLTExTmtxZTNIbHFwZlAzNXUxd1R3S09oYVFmOUJlM2VDR0s2VzdnNUhHZzBUVXdzblRwdDJSSl81a2lTYUtydkk0Vm5reUhxZ3hBQ2J5Y3F5V2NPeUp5TkdlZzFENlB4R04wWUYxNzItSjlWMlRjU2t2VnM4S2pROFY4RmFjMGpWaFZIaWhVbDR5amdGU3fSAb8BQVVfeXFMTk9HZU50V3g4NjJqcUZnbE1aVUVIQk5TRkFPOUU4bGFvT0g1U2ljeDRDb1NIenhweGJLRmcxU25jcHozWlVTV2dCSlliVE44d29sdnJSamN1azY3YVdfNWNpYjl5MV9kYWUzcElqQkNVTnQwaHVtN182UHhuV0pzNzc3RTBCazVUcFFJZjJENDdjeXFSS0d4V3ZaTU1RLVJnMWlxSkdTZTgyM3NqdWhnRmktV2lWWUZXUHByNVl2WjA?oc=5,À vérifier,Nouveau résultat de veille présidentielle 2027
2026-09-14T12:46:26Z,"Présidentielle 2027 : Marine Le Pen reste largement en tête, Jean-Luc Mélenchon au second tour dans quatre scénarios sur six - Le Parisien",Google News RSS,https://news.google.com/rss/articles/CBMiugJBVV95cUxPWEIwUEVUSlg2aUtaVW02OEE4SGN2VzF6bkRDcjhkdFhKMU9lMFljRnpneXlINk95MTNBMHJOQzVMTXdVd2R2QndJV1U4bV9LWmhkdGRsT0ZPWWtQTl9nZGJQR3FCUVlGMnM5WjZ3cF82WXpnZjNUWEdPa01VRnBERGVtR1k2aFNvbmM0YUx2MHp5MU5INTJyVTF5T0JlT25UOXV4SXhvcEU2UGs2YkM3SEMzZzRmRm91R05BbkdqWmpNWHh0ckJ1ZjNmQ2IyZlEwbktQWXhOUVBhT1ktZkZDb3hQSVJhWVBhbVQtcjRLdE1sMFJkUXVSRFc3S3RCZFg4bVdxdjl0dEdoRmR3VHpqbk43d3U5TlYwTVlXeW9NZ0pFNmFKd2pTNHJpQVgxWFU5a2dHZWdHNWJ4UQ?oc=5,À vérifier,Nouveau résultat de veille présidentielle 2027
2026-09-14T12:46:26Z,"Présidentielle 2027 : Marine Le Pen nettement en tête des intentions de vote, Jean-Luc Mélenchon s'impose à gauche, selon un sondage - rtl.fr",Google News RSS,https://news.google.com/rss/articles/CBMigwJBVV95cUxOYVU2bmxsWDg0T2pOS1YyaXFMMFpPSWFiWGljRU5EbVlPRlBlbzNYSV9uMHBMRkRyQzRsZkVVNDJyX3NxQ3AxQkk0QlBNLXViVy16RjJ3ajZmdk1rWUViWnExRHA1NE9yV0RhWkVFa0FEUl9sMXZzV2RIWm93Ny1pb0h5VXBPMXloOUFxOGZsOXM3S2lvNTVaV2VONnhZemZVV2xYSXVNVHMtbWlEdXRzZHMwOTJIQlh3aU5mTzNnWTlzRkYtaUhjcW5zb3dFVHZUSXlpekNxLW1oVnQxYm9uTmh6UVFYc2pLS1ZBUFphS21vcjRSYlBMMlpuZURrUVVOVWlr?oc=5,À vérifier,Nouveau résultat de veille présidentielle 2027
2026-09-14T12:46:26Z,"Présidentielle 2027 : Le Pen toujours nettement en tête, Mélenchon au 2e tour dans 4 scénarios sur 6 - Le Figaro",Google News RSS,https://news.google.com/rss/articles/CBMi7AFBVV95cUxOdnY5ZHRJWk9WUTJHMDQ0YVFkT0t0WU1Rc2ZtaDBqYnlmMENINEdaXzJ2Vnh2Wmt4WjBIa3NGZ1F6bERGYlF4bGE2LUVkSnBWZmp3VUJuMGRsRkl6WEg5dkZBWkNpVkxhSy1uRmMxczB3QTZpbGFCS3ZQSVpPTi1jVGV3UzlEQUhWSFItZ3hVRXY2ZU5WUEVwV2lVd0FlM2NjN1lSZGxqQ01hc0o5OFFJWmVOQjRfRnloRjNjdjN4aHVqcV94cVdqN3dYWGJFbzBMLV9wcl9IWUtpS0xXdVZYVjdYMGhuOWphdkVyaQ?oc=5,À vérifier,Nouveau résultat de veille présidentielle 2027
2026-09-14T12:46:26Z,"BAROMÈTRE. « Le RN a désormais un potentiel d’attraction énorme » : Marine Le Pen, une candidate qui attire et qui inquiète - La Tribune",Google News RSS,https://news.google.com/rss/articles/CBMisgJBVV95cUxQcVoyU3dnTS1ZeWxJdG1VQ0R6a2xjOWNjejlydnRTS19nTl9pRnM1alhpaGJyVGlTNnJxSV9maE9TczNVa1U0R0YwVHpZQTRNa0NidHdfZHl0cVhWY1JRbHVWcVFEbjNBUEhZcFo3U0tmRnpuam9EckdoNUJOVHpSQ3BmMTlxWDhmemJrdjltUG1IT0dkOE5weGEzSFdzNEVyRDBoUE50TjRJT3BXT29xX2FXMElxV0dReFpPZGlncE5LMkduN1Z2WXFNbmlnZ09pMGpYeFkwNlNFOW1RclJHSjl3S1ctZ2ktbFAyWXB3QjE4SU00YjVyNktCSmNhNGFnTm1ZeXhFUlVGZmg4QXVxN2c1TTF3cU4zMTY5WGZpSlZwZ0RQTjdiVmc1b0Y3V29nVkE?oc=5,À vérifier,Nouveau résultat de veille présidentielle 2027
2026-09-14T12:46:26Z,"Sondage : après les émeutes liées à la victoire du PSG, Jordan Bardella atteint un niveau de popularité record - frontieresmedia.fr",Google News RSS,https://news.google.com/rss/articles/CBMi3wFBVV95cUxNa2FYdkxTTnMzZnRwbk50U0RLMGZpTmcxckpYUXhMMzRkcHFBcmdiaWlsVTBaajBaNVdNWXphRkdOVFdid0hDaV9DZ1pNc1gyOWNOOGFnVlNmRWs1dFBTMWFfd04wYWV0ZlRob3VWc0JsZk9idXlLbXpiUHNjY0NHR2FFSmxkS0R1Q3hLY2VFV2lXSW01aTZlRlN6cEFSY2hYRUt1dVBhQURRaEQ1OUtSWXBXWTZZRDhEby12UEVlRlVLSjdSRnBUaVFzWjU4SzVIRnpFNWVvT0Y0Qjk0Y3ZF?oc=5,À vérifier,Nouveau résultat de veille présidentielle 2027
2026-09-14T12:46:26Z,Présidentielle 2027 : 70 % des sympathisants de la droite et du centre favorables à une primaire - Le Figaro,Google News RSS,https://news.google.com/rss/articles/CBMi0AFBVV95cUxNSEJ2YmpVUEx6WTFCWnVSQTBObnRJSFp5VmJDVE1lSXhHLU56ZXZhOFo4WVhtcTB3WjNpdHlIWjlZOVE3VDZuUWFfYmpSQkMtT3JuWkRIY1RSajYxVTlsMVFtTk9TNGlvTGxXQjZvdUNZUU1QcDJ6ZUxsUC0xOFFVTlB4T1B1MjlXdFZaQ3Y5aXA2WXdpVUU4M2l4ajN5XzB3U05KeUxtWl9UR1VBckdhY0swNHZMNGF3TGJtalczX19sQkVjWG53X0czT3FMSWJo?oc=5,À vérifier,Nouveau résultat de veille présidentielle 2027
2026-09-14T12:46:26Z,"Présidentielle 2027: plus de deux tiers des électeurs de droite et du centre favorables à une primaire, selon un sondage - BFM",Google News RSS,https://news.google.com/rss/articles/CBMiogJBVV95cUxOOFEyWTU1U3VLRWw2RlNVbTNDNEtma0Q2OXFyQnphREc5RUtzYzBYV0pGN2Y2TVpvXzZFd1lKQng0eU54eGRyeGg5MGFYN2V5c2RGSzN1NGppTXlnQ1pWa0RieHR3enBIemoxQ1p0bjlUaXVlUGlnREJvX1RSVlM5b0NhSDdYWkprU2toRk00MzA5dVdObG5pNzI1TWtNdXoyY2R4aDNtcUhoYXFjbm5MRFZGVXBfMkhwTXhPb3lqUDk0RUVYU0dQVklQdlRUUmdpVEhmdWR0a1hNSzNOZkx1QlVuUzQyYjhHay1fWTZtUkF2ZExtWFE0cDZnbVM1bjBpNGFOWTNhQXlsNHd3UFgyZGxTMW1oNkZIUHlBdEd2YldhZw?oc=5,À vérifier,Nouveau résultat de veille présidentielle 2027
2026-09-14T12:46:26Z,Présidentielle 2027 : 70% des sympathisants de la droite et du centre favorables à une primaire - ladepeche.fr,Google News RSS,https://news.google.com/rss/articles/CBMi2AFBVV95cUxNTDJ2eXF2Yi01VjZVLVZiT2xFamd1c0F6Nm1SMUpPRHBqTC0xdERqSlQwdmlsVUdqWWU0U2ttTnZrOW9mZFR0X0JhXzhvS3paS2hobGRCU2xCSnQydEtIaFVCSVpjekZKbHg3cWliQ3dJVzh6QUo5dTJ4SGt5QmEyYzY1Ul92Q3M2Q1RweGVVcko4N2FtUmdJTkhtc3BicVg2ZGxTNEFYSjQ4UTNUQ2EycWtSTG1rbTYtblV0dHVfa3I0cjkwbXlwSlkwSlJrcjJyRWlVRzJhc2I?oc=5,À vérifier,Nouveau résultat de veille présidentielle 2027
2026-09-14T12:46:26Z,"Présidentielle 2027 : France Télévisions, Radio France et Odoxa lancent la consultation citoyenne « Dites-le ICI » - MaVille.com",Google News RSS,https://news.google.com/rss/articles/CBMigAJBVV95cUxPYWFaWGwtSkxyQ3lRZ3VNeHlYbksyZUJVUGRYOWM3dVowVWJKS21fdTlwR1oxOHlQSVFNalFTMGI3QzlINE9vTkllcHM0VEYxSUJyS0VtR1FIZ1VTa0tIZHRHWHV1ejNJX1RYM1NnVnBaQWRJTTF1WnNFd2hKajdzMXpVUGkxMzROdkI1cHZNMHRXZ2JYeVVJUGQ5ZUxTeFVFVnVJcUlpNmlHR2lINU1FNk0wazVtTFZxTU5yV2lRZ3g0c0NYSVJ2ZTR0QXBhb01DSXhCSmRMcC1BUmt1V2VFR1g0MkVNblM1YUZrSEx5S0JSVC1FM3FIeHAwOUctTXJE?oc=5,À vérifier,Nouveau résultat de veille présidentielle 2027
2026-09-14T12:46:26Z,"L'ÉDITO POLITIQUE DE GUILLAUME DARET - 70% des sympathisants de la droite et du centre favorables à une primaire, selon un sondage Odoxa pour Le Figaro - BFM",Google News RSS,https://news.google.com/rss/articles/CBMinwJBVV95cUxNQzlENjRRdVdnQ0lRekhVczlUS3A1Z2pkMjBjNmJrVkpLbEh1VjdqWm5VS3dLdXpFYzEzS0trSmxGZnNxeEg0MGloRmZ2MktDTzZINFZoY01YUk0wWmNoVnQtZVlqWG9qTmR6bTcyQXBxVUpoWHBwMVJZMUN3eFBSRGlBUW9PNG5kckFpR3NEVjFKMVJFVENNeGNKSHFlMk83Sldpel9jYkdCRHpDa3ZzOFQ4SVN6VlVMZkdJeW1yMFpVMVJhRmFRSlR2RkpTcGNUUkVqbzJiRTZpVGZpbDd2MXVMV3h1bGlhV1hCRUh0WGhnOWRUNmhtemktSktTdHFRU3dSYTJ5MF9YWTNtRkp0V0dtaFVTcHp0TXUxUmY4UQ?oc=5,À vérifier,Nouveau résultat de veille présidentielle 2027
2026-09-07T12:32:20Z,EXCLU - Marine Le Pen vainqueure de la Présidentielle 2027 dans tous les cas de figure - Sud Radio,Google News RSS,https://news.google.com/rss/articles/CBMirAFBVV95cUxQY2lxb0RnOWg1cjY4d3VqMnNGbUVVRmJWTjF1SC1rclRZU3lzSTJ4aXAySDJMMGhOcTZNRWdQTGNqS2JhRnBrSFk2NnBjdldtLWZSTF9iZUNqcGhhZWVLMmE2NkVDbDBTNDdTaThQaEJGNEJPWW5lek56cE9qRG84UEQ1X0JRQjhOMGdpZ3ZkdXl2UDFFMUtzRGhaWDF5emtOQ1VQU2ZfNl9aSkNG?oc=5,À vérifier,Nouveau résultat de veille présidentielle 2027
2026-09-07T12:32:20Z,Présidentielle 2027 : un nouveau sondage donne Jean-Luc Mélenchon au second tour face à Marine Le Pen - Le Parisien,Google News RSS,https://news.google.com/rss/articles/CBMinAJBVV95cUxNREtVZTNHYzExVURiMUViMWg3NUlvXzlEQ3VJTUg1ZThYQWZnQnpKdl9qN0FTR1ZTQUlIdU83MERTblJMUXh5Q0ZERk1laXZHREV6Mnhlb0ZXdlVqMFNBTFJKbF9XTjV2NXdOZTN6WmtXRXJhNmJtOXlLVGh4azd6OXF1NjYzcy0tQ1JkYllnU1dmWjNlUmluQjZELUtxaWdoWXlXT2JoQ0ZsSF9XMS1ENk54OGZkcXI5bW5KUGtkSlZGNFZRa3ZuNUh5c2NMbXRfNGE0Y1dvT0tPVkd0RkdYSzFJVEIxWlNMU3EtaXo1U2p0LVZ3WFZlSjN4bzJra0JkRE5fVlhIZW1sSTBVUUR3Q09kT0l6bU9tbUJ2Tg?oc=5,À vérifier,Nouveau résultat de veille présidentielle 2027
2026-09-07T12:32:20Z,"SONDAGE LCI - Présidentielle 2027 : Marine Le Pen élue au second tour dans tous les cas de figure, les résultats de notre baromètre - TF1 Info",Google News RSS,https://news.google.com/rss/articles/CBMiggJBVV95cUxQRFBBQkdFMEJoaldFY2Y0Z21jdDFnQnlpaXFOTk9wQzB6VmhJUlBMU1dKckx4eWhKcDNYWjdyZFFBWnAweEY1ZzB3cExPUHpfQ3d2anV0aGFTR2luQTN5SW9xdU9jclRvVGdILTlyV1Rlem9TTVRBT0R6MzF1Qng5a21wLVQ1V09HMHlBaVkyN0lLa1ctQ2VXeFVVUHdnQXd2Znc2dWRIX3FtV01reXlMWkd5NF9VMWYxcGFSSTIwNVV1TnJWSG1zYUQweEdYS1lDMVpVM0N2MUpVUnlyZ3V6VDdWbE5tN2VQV0tIdU1pVHIzdnNjeEJfOXJsLVV1NDJUZVE?oc=5,À vérifier,Nouveau résultat de veille présidentielle 2027
2026-09-07T12:32:20Z,La dynamique de Mélenchon vers le second tour de la présidentielle s’installe - 20 Minutes,Google News RSS,https://news.google.com/rss/articles/CBMiuAFBVV95cUxPdHpWcE9rZ29TelhIQlhhZkhyYTFzUHV6QnVlbXVrQmRLT29MSG9YbXhpMnlFX2dBVkhBZ2NLUGFUYXQ3VXJOWTJ5S2w0bm5SV3ZRSjhTek5IQTgzVW1yRWhEWG9rbVI1T0hGZVFPTmMyWkN5cVdOSXhENjlodlU0b0hneHFRU1h0Vkotc0p1ZzVJMFM3M2FKWEdzMEg1X1VBdW1acDZYVTVkT29tTVlZNG1EQjFPMFoz?oc=5,À vérifier,Nouveau résultat de veille présidentielle 2027
2026-09-07T12:32:20Z,"Présidentielle: un sondage confirme l'avance de Marine Le Pen, la dynamique de Jean-Luc Mélenchon et le léger recul d'Édouard Philippe - bfmtv.com",Google News RSS,https://news.google.com/rss/articles/CBMinwJBVV95cUxPckYzbjNFN0Jqd1J0cHcwSFVoZklUNFpyaU1yY0RFVi1RcVdUREc0MkFqbG1BdDNFX2JEZFhnZ1Q0YU5wVUYtbTZoQjgxOWFLbVhsaVRWZV9jQkJ2TXctMXdYRVhpcDdEV1RxMThxYVlMQ2hocnJOcWE4eFZpclJaZHo4c2dYeDBaNnp0bW9JQUh0M0VOdEJuM1NoaHJycU1UNTQ0bDZOWko0VWhKSFhuTnN5RzZvSV83dGprRjJWdkdfb3hmSXQ2UzFaNFU2VkpickFVelRwakFyVmQxTDIydUhwbmlXaTNqZUJHM1N4eGFFQk12UldEOWFReG5TQ2xOODh0ZlV1N252dWhwamRfUVlobXlUQ055UW9wSVFpRQ?oc=5,À vérifier,Nouveau résultat de veille présidentielle 2027
2026-09-07T12:32:20Z,"SONDAGES. Présidentielle 2027 : après l’annonce de sa candidature, Marine Le Pen arrive largement en tête des intentions de vote - Sud Ouest",Google News RSS,https://news.google.com/rss/articles/CBMikwJBVV95cUxOelZSZVFZcVJnT0VNUUFuaXpoUEdJcElMaUd1TGFyZkk2VEYxQUU2ZWhTUlpHbllfNUMzb3JibTk1cDFEdlc0QVZKX0RkMVRtS1ROZ25MUDVvU3lCUDFVQVItMGJwN0ltY2NYUkY0NGtteERrWXZ4RlNvaGhTV2NPQTVOQnAtV3lFR2hQZW5kVUVKVGVVRllTLW1ha2ZHZjE0TjhzR250TlZGbFVqb1hjb0N6MHBPdkw0T1dhWFd0cHY2M09xcGJqTzc4WWJLMnNxWTBxaXgyNFVBemZfUUxwaHkyczI3QnJyMzdHMllXZEpxdzlrWGxYQW5LaF9WX0JPcDk4eXZfQzZlMXRBdGlURlBNaw?oc=5,À vérifier,Nouveau résultat de veille présidentielle 2027
2026-09-07T12:32:20Z,Les intentions de vote à l’élection présidentielle 2027 et l’opinion des Français après la déclaration de candidature de Marine Le Pen - Ifop Group,Google News RSS,https://news.google.com/rss/articles/CBMi-gFBVV95cUxQejB6QmhNSC1VYThMRUdDQzJfUWVTemlZM2RKRlpxR2JjVlpUVHIxOHhuay1xWDRVTDdNMjBtUGVzdHNXelFqQjJfY2Q2LURFcEVIZWtVbEV1blBXSVA0OFZ2UHIydEhnZDk5ajJheUNyb21Mcjl0czF5TVlkWUUxNmFJcElCTFdDcG1IR2pqSGxLRzhGei1NbHBIVlhCWEhUbUJFQTg0TXB4T1JZOXhhWGtINWNjY3E1VmxrN3NUN09rd2duTThUbW95T2dOdnA4U1k4NjZnVTFyWnlQR09Ra0R4Z3kwdUdmNXNUc2UxV1JYajRzcFV6YUpB?oc=5,À vérifier,Nouveau résultat de veille présidentielle 2027
2026-09-07T12:32:20Z,Sondage : le regard des Français se tourne (déjà) vers l'élection présidentielle - l'Opinion,Google News RSS,https://news.google.com/rss/articles/CBMirgFBVV95cUxPTFk4V0I2eUlwZmhMMHNhcXpuakF2SkI0OFUxQkUwYU50UWJNN0ZzX01keklZU1lJYlB5c09NUmdybVVQdjAwdjVXMXR4R3g1TFNNT1R4dE0zNnBmMjRuNGJtZXZ3VTUwQzl1REFFLTd5bTQ5QVgtc0xDNS15SUd5OWs0QjJXbzFRVF9aemh4amlHeUNVQTVxRUhENGdhNVBCeEhZcWNMXzd6U2VvUlE?oc=5,À vérifier,Nouveau résultat de veille présidentielle 2027
2026-09-07T12:32:20Z,"Présidentielle 2027 : Marine Le Pen imbattable au 2e tour, selon un sondage - Valeurs actuelles",Google News RSS,https://news.google.com/rss/articles/CBMiywFBVV95cUxQY1FYRHJNQnJXRTZCRF8wdy1pQjVOcnRxeFFINEk0UHhIcTZibjBxSjc3SmVjdHR0QmdYLXZaSWZwSng2WC14NGN3ZGxJaDFkTEJjdVladk9xbVVSMTd6c3dYUWFhOU91dWU1Q3BDOURkYUQtanFkYWZEOGo2VExaQkxPSDdhQWdGQWlmSVRZeXZ0TFRtMGpKaXVsYU41ZkczUTVnOElvSEp6R3k2eUE4bHRlWmstZHVidXd0amRVSkdIUEJGdVN2a3NYVQ?oc=5,À vérifier,Nouveau résultat de veille présidentielle 2027
2026-09-07T12:32:20Z,"Le RN gagnant à tous les coups, Philippe en difficulté, un deuxième tour Le Pen-Mélenchon possible : le sondage choc pour 2027 - parismatch.com",Google News RSS,https://news.google.com/rss/articles/CBMigAJBVV95cUxOOHlYYmYzNzZ5bEZLNDlnSW9KWnI4YnllRElLbDB0czFLalZnTWhCcVNFYi1iWDRoYjFSbDRPZnhHOS1oaXdDck0yeHlDMElpbHREaENfUXAzTDdBallCTXRCWmI3VGxzeGx0bEpjV2xnd3JlQTFnNFZiVlhZWGpLQXVwMkRfMUxvSEFYX0MtMl9JLXdTWl9feHlSM3N0amptTGdMSWFrem9lR3VEVmUzWExiWHNTaTBVWktHcXBfQ0J1SVQ4WEEwOTdiaWdkQXZJVFhkTmwybWwyMW9UU1JVZV9BRjExSDIyd2RPM2hIQlF1TmxiM2E2ME4yRllYN0th?oc=5,À vérifier,Nouveau résultat de veille présidentielle 2027
2026-09-07T12:32:20Z,Présidentielle : un nouveau sondage place Mélenchon aux portes du second tour - lejdd.fr,Google News RSS,https://news.google.com/rss/articles/CBMiswFBVV95cUxPVDRVT1NyQi1mbUs2dTBJUXdEcWE2WktpUXJlSTgzWDNWbXZrcm5GZEV2eUJ0YTF3YTBueHRSWEdWcmY2VnBKVUVzenlmUlF6N0RjZGdzbVZaR0RXXzdzb2ZjM25DdUxWQjBDVVc2VFZGUDJnR2FIc213dE9UM2JyVWdzb1dNNkVnVEhVdkZrRzl6NjBkQ2kwTEloQnZuN1hnRFdzZEw4VDE2TEtwVENONTZXcw?oc=5,À vérifier,Nouveau résultat de veille présidentielle 2027
2026-09-07T12:32:20Z,Marine Le Pen domine les sondages pour la présidentielle 2027 - 20 Minuten,Google News RSS,https://news.google.com/rss/articles/CBMivwFBVV95cUxNQnZoY1Mzc0ZSS2xRbU85V2pDcDJZaE9ZaFFZWGd4cGJHaFNwSG9ocGduMENPcmdnSkVUNFlPbWtKRUo1dWNHZDdta1R0YWozRDYxbkdmSVBxejRBcFlvNVFxMHNhc1lSV1JnYlRqQldLVFVmb28xaXZzcHhBX1hCTlIyUmplbjgyb1FlWERVd2pSem00NFZnaTFqajJHMXAxcm1pVFlPR2pUY0FZSTlzT2FObXVvWmZRNnJubm1YTQ?oc=5,À vérifier,Nouveau résultat de veille présidentielle 2027
2026-09-07T12:32:20Z,Les Français et l’élection présidentielle 2027 - ELABE,Google News RSS,https://news.google.com/rss/articles/CBMiVEFVX3lxTE1WUlZ3Ylk1RmNsVUpRX2o5SXczd1d1VEVtMEhva2NJblFKRTlRa1RvOG1LaTdBQVZBMWh0QkhjY3pLRWVWY0xLdl9pWWwyUzBtRExKRg?oc=5,À vérifier,Nouveau résultat de veille présidentielle 2027
2026-09-07T12:32:20Z,"Présidentielle 2027 : Jean-Luc Mélenchon recule, Raphaël Glucksmann progresse, selon un sondage - Le Figaro",Google News RSS,https://news.google.com/rss/articles/CBMi8AFBVV95cUxPdEl3clgtZUdfSkFQbjNtd3dMb0tmcVk1X2VFTnJSN1BIN2xIc1haTUVRUGtoME9lS3F3bUdyZlIyRHY2XzNhTnFVUEZfb3RkOU5KOGdLR2hNaDM0cHJod0RUYkRTbnN2NldqU2lEaUtRb0NMMWtrQmtEZTM3S21VcFBZMnZuaXNQQUVWYzdNZVpXd2tvNzdjVEQ4YTdjT2phQjdfQW50Z2ttN1FYLWtqQWVwX1ZmVTlNYjVZZnNfaVF5ZWtScWU2X2MzdjJWcHlTbm00QmN4REtrb25FZGN1YW9qbU1ra054cXdFdjQ5SXo?oc=5,À vérifier,Nouveau résultat de veille présidentielle 2027
2026-09-07T12:32:20Z,"SONDAGE BFMTV. Présidentielle 2027: Marine Le Pen gagnante dans tous les cas de figure, Raphaël Glucksmann progresse après son annonce de candidature - bfmtv.com",Google News RSS,https://news.google.com/rss/articles/CBMixgJBVV95cUxOUzlMd3BYOU5DWW5MOVJTMDZBbzJCUEs2REtCQVNHQ0tQYnBUQnJBNTdNeVprcnBuWm9nRE5kUzVWVHdvbVczbkxZMkpLNDM5MTMxT01PQ2w1TE94SU9yTWRyQXlNalF6enk3ZENvYnhyUFNrelNhTGZkRDU5V05oN2h3d1A3blVvcXg0ZnpzN2NZZkRDblYyU3NCT3dXVXIzMzBhQUFaQmplenZxRjQ5Q1dHZGpvbC14NXIzX19kNGlxRkhTUDVxSmhaeEJXOHNGVjg4ZHBDOFc5bUtBX2ZNcHlqZ2VqaHQ4amdXQmxzU3g2b0dSRF9teHBpbC1CSlFvcjRHY1NHTHlfZE9ua0MtZlFzOVEyTnhFTlFMMXE1NXJZeVFjQ3FkR1FZaE1ESmd1VHZqalEzRzJ2RjhVamdSbldjZkM2UQ?oc=5,À vérifier,Nouveau résultat de veille présidentielle 2027
2026-09-07T12:32:20Z,"Présidentielle 2027 : Marine Le Pen largement en tête, Édouard Philippe devant Jean-Luc Mélenchon, selon un sondage - RTL",Google News RSS,https://news.google.com/rss/articles/CBMi9AFBVV95cUxNZmcyVjZtd1M5UlhUVTA5REE4cjc1REZLU2JHZ0t4c1p3T0hiVEJ5SWV3MXpUMlBpM185eWdYOEdONEl3Mlh5T3NScTJOZHZPc0RlUWZrczcyYWEzTHFsSmh2TGpJbEhWVHhpeXJObzhUQ0pVXzM2Y01qdEE1ZmVwNkpTdjkwQ2psNjFJZy1NYlAxWVQyY09EazN5UThmdXlzSmx4b1JXaTd5VWQ4RFNPVENUaUpTckJpdjJWMzg1SnVjUERfdW00NkFaTkZ6Wm16M3VBTWI1OXczeTZyejRqM2hZdVdXaFVUSUs1OHUwS1Nvd0tr?oc=5,À vérifier,Nouveau résultat de veille présidentielle 2027
2026-09-07T12:32:20Z,SONDAGE EXCLUSIF - Le match « perdant-perdant » de Gabriel Attal et Edouard Philippe dans l'opinion - Les Echos,Google News RSS,https://news.google.com/rss/articles/CBMi4wFBVV95cUxPaUhkUDVaNzQtYzc0Zk1zcmVsQkh2Wk9XM0ZOckxtLS1aM3VBSWFlVnVrNk9ESTV2RnNPZ205aTc4MnYxV0dqMlpaRExFLTFMNjAzNnBmODlRY3UwcFlfR2NCLWpXdHN1dzBsOVA5QVdKUWJqRmkzNm9ZcXhZSkp1OHhINVNkNlNXZ2hEMVV4QUl5Q1NhSlAzVnY5Q1U0MFVtNW13XzZyMDVhNFgtUFFRdUpFNHFmRW02TXdJc2VsczZzUlY4dWZTdHlxeEg5ckpsUXQycGllNmQtSTcxTGhrb3BkUQ?oc=5,À vérifier,Nouveau résultat de veille présidentielle 2027
2026-09-07T12:32:20Z,L’Observatoire politique – Septembre 2026 - ELABE,Google News RSS,https://news.google.com/rss/articles/CBMiZ0FVX3lxTE1YTnFCYzBNRnF3TzJLb1lsQTVmaUk5NmlQaFI1aDJJVlZ1a282Z2pkMG9Fd2hIUDF2Q2tzU1dmUWFTYmpaWm5icmFCN1ZFbjRob1FHNFRwdWpJUEd6SUJ6bV9WMV8wU1E?oc=5,À vérifier,Nouveau résultat de veille présidentielle 2027
2026-09-07T12:32:20Z,"SONDAGE PRÉSIDENTIELLE. Le bloc extrême droite dépasse le seuil des 40 %, Raphaël Glucksmann s'installe - La Tribune",Google News RSS,https://news.google.com/rss/articles/CBMihwJBVV95cUxObTh1X2dnX1JzWnBEZXpKcVloc2hmNUJ4RDliYUNFYmE2Y1dGNnlIS3JQT1RjSldtNXJhekl6eElLYUc1aVdZU2RZdDdrcXhDdmQyWU1qMUJldy1WVFFtVlRsUFk4dHJTT2loNU9EelRCdlR2S3lBcE0xSDBLSTRMd1BqSFlUell1SUNHbjV0NEN1RTVnangweDNZV2FwaElNUTRlTTB4UGItdURIOEJIOWFMaDRubW9zR3l3ZmRvUm40M1RSODd1ODlZRlZQU2VCcVJpZnNjOExWLTRUVWM0N3JBNUJ3MGs0dXNKd1hjd21qaFBGeXhXMjlYWG9Ta25WajdyMll1QQ?oc=5,À vérifier,Nouveau résultat de veille présidentielle 2027
2026-09-07T12:32:20Z,Présidentielle 2027 : Jean-Luc Mélenchon largement en tête chez les jeunes - Valeurs actuelles,Google News RSS,https://news.google.com/rss/articles/CBMi0AFBVV95cUxNTG1SQmZ6eGpCbHQzY09FYlZZcW80aG1YMy1QR0xGX1I2QVFKX1R2MW52MGJneUpBeU02U2t4R0tCYzRnSzh0MXBBLVc4TzE2N2pRY1BSNHhBQU5LTmV1MG45MWxsUk1RQUg0U1NCWU9OaGprdHd1NDN2Snl3VGMzdVhHeGVwZm1jWDBnLVpHYXR0S2hXOFkzZFRhUXJfdFBhQlBJaUhOYXBGSEZQNE5JYTFDNW95ejRRQlk4am1DdnNLanNzVjlmbVFQdjJGTWNI?oc=5,À vérifier,Nouveau résultat de veille présidentielle 2027
2026-09-07T12:32:20Z,Présidentielle 2027 : Marine Le Pen gagnante dans tous les cas de figure - fr.news.yahoo.com,Google News RSS,https://news.google.com/rss/articles/CBMiiAFBVV95cUxNdHRMLXh6a2Q2eXdVNjNFQy1lbHNDVjMwV3NwT3NGNlE5dkZTYkZuZGxoTVQ4YmpsSDlONEJoV19CTVhBc01hSnVCdkd0YzN1NFhldVhUcTMyME9WalhORjN5ODFVLXNjcE1LVUxUYzg1NHV2RHlFSVpjTlRjT04xNmpzY0FxMHlT?oc=5,À vérifier,Nouveau résultat de veille présidentielle 2027
2026-09-07T12:32:20Z,"Marine Le Pen continue de dominer les sondages pour 2027, Mélenchon recule - 20 Minutes",Google News RSS,https://news.google.com/rss/articles/CBMiwwFBVV95cUxQZTVGSG96bFF3Q1lWS0RSb2tyaUNmWEFZUU4tTGtJbE4zeFRTMElfTFhnS3FPY3FSR0hQVVhkM0Nicjk4NUtCX19yUFVHaWtUUW9vdUxhakFxZXpDeEJmQXdSRWNONHk1N1hBdkswQUFHRXpqc09NY1NueWtNUnVJR0hpdGppRzAyMlRLMks5SFJtOTNPbGtJQXE1bzhIM045RWNPNWx1aHM3MnZiXzc0TGZ1NzdpeUlYR2hFS0RIWFBtUWc?oc=5,À vérifier,Nouveau résultat de veille présidentielle 2027
2026-09-07T12:32:20Z,Présidentielle 2027 : pourquoi Marine Le Pen bénéficie d'un électorat plus stable que ses rivaux - France 24,Google News RSS,https://news.google.com/rss/articles/CBMi3gFBVV95cUxQOG53am1Jc28tb1pkZ1M2Z0w1eXMxMGp6QWFzWnFsc2FlTndsYUhIQkdVR2ZINk53ZDNldF9QTnZZcGlPSUFjUjI0cWJUeEJrRjlkRHRzNXFydk56ZFVBcU1pdGJXazZmNjVJYTdIczNHaGxPN1d4cDlHbXk0MVJsenFoRXhwbVRtTVU4R2ZadmFnMlJZVWpKWHhmUFU5TGVFemdIT2FOVlpBUUpsLXBnTFh3WHJjY1Vja2JxR1M0ZlJrRTNGS2RSOEVVYXRaTjAzVWx3TV9ZNk54U3NLVUE?oc=5,À vérifier,Nouveau résultat de veille présidentielle 2027
2026-09-07T12:32:20Z,"Présidentielle 2027 : Marine Le Pen élue face à n'importe quel adversaire au second tour, Raphaël Glucksmann progresse légèrement selon un dernier sondage - ladepeche.fr",Google News RSS,https://news.google.com/rss/articles/CBMipgJBVV95cUxPT0dybm5mR2Ftb2JiT2xtQ0stY0RHdWlJNVhBUFZYWEJWQWNsTE00RG1WMnhrUDZkTWFOQXhNSjJWWG54RGZISkc1WDVaSnl1czFKRFNOMFhPNTJ6X0ZKQjRRa3Q4aFVLLWpQSnZZVkgwOUZiRzZ3SDZ4SFlPRzFJMGdiakh0UDBkUzNFSFpCa1FLRVJ5aFBBNGc4R0hGdHh0WGt1R0FYLVc5S01yMzBuWE9hZTVtdFZjZ0d6NHdVTEZWdTRYNEFseGdTeVFpOUxwNTBPODIxcDdrQlh3OEppd0FOTER1M0N5Q3d2MVZucWVNOXpEVzN6THlXWkw1TmR1MU1KQ3NMZHhrbTFKYm9UY2FXX29zQjZPYlhIYm9Fa2gzd2VrWUE?oc=5,À vérifier,Nouveau résultat de veille présidentielle 2027
2026-09-07T12:32:20Z,"Un duel Mélenchon-Le Pen se profile à la présidentielle, selon un sondage - 20 Minutes",Google News RSS,https://news.google.com/rss/articles/CBMiwgFBVV95cUxNZjBwVElzT3JZUl8ycWRsYVVBZmRzSHVmV1lRQnkxWHRHTDkyOXd3LUFiY1c1VzNpM2RLWEt4OE9EQWE3b0JqZ1VGRzctemVtWlVqRktXcGFyUnRvV0VKelJJMkZiRXBTR0FTOVNBYTNuZG0tV21nUjQ5VXQ3OE1hOXVLLXQ1d1BGUmlnV2VrUTZZU1BfWmJtNmVUa3hibkhlMDNQREpqOHZuU0RwVDc4WUJyd2ZLanp2VzlOank3LXZJUQ?oc=5,À vérifier,Nouveau résultat de veille présidentielle 2027
2026-09-07T12:32:20Z,"SONDAGE RTL - Présidentielle 2027 : un duel Le Pen-Mélenchon ? La candidate RN largement en tête, le leader insoumis mieux placé que jamais pour le second tour - RTL",Google News RSS,https://news.google.com/rss/articles/CBMiowJBVV95cUxOMl9BdVp3b1JMN2E3a3pYQ3FsbHNFTVNwbHE5VUhQODNMOGp0dUkxNlBLa19paGJ2WF9sdTFDZ19vRTBXTHM1QlB4clNHeHBMbEo5OVRvZllXSVJjMURwSTExV1ZHTnJRbXllaVJ4SUthMlBSMGc2UkhLbUVfUEVEWE1GLThHZENXd3UtR2JUQWsxUmtoY2N0VW5MSTNYZVZuajlRZ1BXblFNSkd0QmFnU0MwX2lQaTZuWVVrejFhUTRSYVAtanY3UFBJNGJ6ZklkM2RydEl3WHJFZ3JHLTZ0LTNBNWJZRGVTSFc2VlJpT3A1ZVlzeUtsalNlMXRScFVkdWQ5SkNad2doazdFa3JWOGNJaUFGRGtacUxfcWgyZUROY1E?oc=5,À vérifier,Nouveau résultat de veille présidentielle 2027
2026-09-07T12:32:20Z,"Présidentielle 2027: pourquoi, dans le bloc central et à droite, certains s'inquiètent du duel Philippe-Attal - LCP-Assemblée nationale",Google News RSS,https://news.google.com/rss/articles/CBMisgFBVV95cUxPZXZpRjdPc0U0alRVa2cxeDJVV1pvQ0RrTFNQYlZXcVREa3FZQmQzTUtNeFAwRHVGaGt2QkhORE9ycl90OWxMd3VZbnZFQXZuaGR5UWtBVGx4cDZpVVBGWFB4WWFuejV1cm1QZ2IzVTFiRm0temhvc1ZLdDVMczdXN1FlTnNGeWNmbkNfWHFhazlOS2M2cTJfellrUTlFZndCenlRMnBKd3E0OW5ZaHo5VHJ3?oc=5,À vérifier,Nouveau résultat de veille présidentielle 2027
2026-09-07T12:32:20Z,Présidentielle 2027 : le duel Le Pen-Mélenchon devient-il crédible ? - Public Sénat,Google News RSS,https://news.google.com/rss/articles/CBMisgFBVV95cUxOb1NoajRSeGlSbklaUnJNSXdmV3VHNDhtX3Zvay15Z01BSDM4Yy0zV3ZDT2oxaDVPT3EwRFhSRXpJbVJjdlBVZElscHp6cmZacVplTlNJNkF1UHlIa1pvSTRzNFJZNmdTRThFb1FyLVNtQW84ZUtpd3JkZ2tBaF8wZno0M1JMQUZzQTRkSWl4Y3EwWnQ4NG5SVzFWMTF1c3JPZjhiYS1zWWs1Qnp5U3ZTUDBB?oc=5,À vérifier,Nouveau résultat de veille présidentielle 2027
2026-09-07T12:32:20Z,"Présidentielle 2027: après la baisse d'Édouard Philippe dans un récent sondage, Gabriel Attal estime qu'il n'y a ""plus de favori"" dans le bloc central - bfmtv.com",Google News RSS,https://news.google.com/rss/articles/CBMixwJBVV95cUxNOVRQbldReDVGd0hFMXBtR0VTa0hEdHViVWhrc3ItMkFYb1ljbVdPc2NPbkc1YjM5THgxTW5DOFRIdzlKQ2MyalMzdHpHNjdPcTNTV3VQZ1BDalA1Y3BGeDhWY3g5Y3Z1ckx2NnYwRV9yQ0JKVGNGckhFZEQtbXpWUFdiYWFERWdGT3did2d0OU1vNU1rSnItc211bE1HOFBuQkhJNC1Ld1ZreXpCOTdhVFdyemhFbjlGNHp3Nm5yUTVlVGRaQV9UaUsxZlV2bl92YUFmeGVyRlZRZTB0UTdhTWg4YWIxRWtEV2NEMXMyN19Yd2ozbEJxMkZ3ZERfZG90cmIwaTJHWFhUU3lTb3F6WEYtRlVjbWd3T0drdVVBYWxGYm8yYU1OSWtSTnlWa1NRR2hyLXRzRHVZMHN2eG9yVzdIX0xqaVk?oc=5,À vérifier,Nouveau résultat de veille présidentielle 2027
2026-09-07T12:32:20Z,"Sondage présidentielle 2027 : vers un duel Marine Le Pen - Jean-Luc Mélenchon au second tour ? Le RN largement en tête, LFI poursuit sa dynamique - ladepeche.fr",Google News RSS,https://news.google.com/rss/articles/CBMilgJBVV95cUxQaFpMWVhMZkR0ME81Mm9VV3JvNVg4cjRtSEg2aDB4eXUyamFrbElZZk94N04tV1RLUHV0dnhiNkJrcDJaSF9PN2NpQTNLSjMwY3NUbW4ySGo4NW95cEphOGVXbVR6bXQ2OXJpdFRQY2o1VTB1ZjhTNm1icERTU1dPTEZVc0tZaG4zMWtzRlg2YURwRjltR1hKMXB6Z21KdDJSNTNJQi1ldkhQMmczRGFMOEl5eGR6elVJaUJ6TFFTVmJrOTFUSTNvRWJ0Nm5DWWN0WGZEY2l3SkFxb3Y3cUxNQWFvN1ZmQjBHS3F6bjlfWm94eXJPbTd0YnFBOFhiRHAtTHZraUtVYTF3VEVqQWY0VnE0WVFwUQ?oc=5,À vérifier,Nouveau résultat de veille présidentielle 2027
2026-09-07T12:32:20Z,"Présidentielle 2027 : Jean-Luc Mélenchon en position de se qualifier pour le second tour, selon un sondage - Le Figaro",Google News RSS,https://news.google.com/rss/articles/CBMizAFBVV95cUxQVHRreVk1Y04xeUFEeXA3YWpHRHFZODRZeWNMaHlCYnlKNGlSQVAzSWhYUHg2TjV2NDV5WHFTcTgzTW4tdFl3dENKNjg0NjdoQjRHUk8yalFJYzgyTkVGbDZjMlpTUFdJNlozWFNucVJtS2thenhrLW9JejBUYlhTaGZzT2loemNnYW1uXzR5NHN6MnpIZ3MtOHNBcWp6RWxYR3FraWRWeTBnMFVYN0NNVDJGM3JmYjhPQ2c2cnBwM2JsaGpJWVhiZGJNeng?oc=5,À vérifier,Nouveau résultat de veille présidentielle 2027
2026-09-07T12:32:20Z,Présidentielle 2027 : un sondage place Jean-Luc Mélenchon au second tour dans plusieurs scénarios - lejdd.fr,Google News RSS,https://news.google.com/rss/articles/CBMizgFBVV95cUxOcDJnd19LOHBZVjk0UEM1NG1DMTZVWVJGMVFnNi1PdU9OYU83eEYxYzF0Y01WOHhsaWk3VGdPSVdzNF9rXzNHeUhJNjFSQkpEZ0djTmtKRTkxWTJxTkFXRjhISjYySkJud3F6WVdsY05RNGFDM0pONHNpWDJud2RXUXoyYXZaU0IxNmpMOE5hTW83ejhsSmlMNlB4SzIxVDdrdHUtTWtMcEhDM0RKMWZFVDhEYkpyMnVFWndtUXlSbmx2OUk0VmlqX05zbXBxZw?oc=5,À vérifier,Nouveau résultat de veille présidentielle 2027
2026-09-07T12:32:20Z,"Sondage présidentielle : Le Pen gagnante dans tous les scénarios, Mélenchon en position de rejoindre le second tour - Charente Libre",Google News RSS,https://news.google.com/rss/articles/CBMihAJBVV95cUxPdDZiVFFBVHQ0RUswZHlaX2RWM25kM013UXpOTWxSV3k5dHBWUnlnTW5mZHFvcGl4S1ZPTV9zbTJ3N29ONEFWWlMzTHZjamZDdWtaX1VXWnZNOW5pMTdKSTVUWWZCWU1jTmYwVDk5bldoSW9zNnZtWlc4WDlEdjBGNlJ6RFFFUVFuSWVDSGlnUU9LN1J4NWJoUTVLM19tbXdiSW5URGRyVk80UUZzYUpvc1ZXZWY5LTBQeGNMWDJsZ0dBWWszSDdEa3VhalBYQk0ySkdKdGdzVG5zdUZ6dmFvVm1MMWdndWQ4Z2NnUDBJb1hoOGdhWGVhaTl1cnpPSVhyeE1QdQ?oc=5,À vérifier,Nouveau résultat de veille présidentielle 2027
2026-09-07T12:32:20Z,Présidentielle 2027 : Jean-Luc Mélenchon se qualifie au second tour face à Marine Le Pen dans un dernier sondage… les résultats des autres candidats - midilibre.fr,Google News RSS,https://news.google.com/rss/articles/CBMinwJBVV95cUxQbVRGM1BRYV93OVBGcFV3bEtOS3A1TnFVbG1kNUpqaWlUTll6bWtnVUNRd2ZMV05UTHQ0Q25oekhlTVE0amJ4dWx4cWVmOXZpTGZmb2NKS1hpcV9lc1FmR19QcU83WXBnWW5LbDRBcm9IVFVXT3NBS3JQWnhSekhSbXdOblp1cXJqTmJZaVFMQTY3eGUwMUtZOEdYZjh2eVpfZmhWWFhHcW5EY0h6UW5GYW9OT0NOTkQyV0M2TVRldjhhUGlPTUZMc3BrUHhTTTVYaGoxOE9McmVTaG9UVVY5SmxSc3k5dXNrMmNFWkZHdlkxRnp1OEhWMFRkMlZKUWl3Y01Bei15YXFuVnJtM1FDMVhGdW4zNHQ5MVZNamtfVQ?oc=5,À vérifier,Nouveau résultat de veille présidentielle 2027
2026-09-07T12:32:20Z,Présidentielle 2027 : Jean-Luc Mélenchon serait au second tour - Valeurs actuelles,Google News RSS,https://news.google.com/rss/articles/CBMi2wFBVV95cUxOZVNHeW95N2NrNWtCRGNjeFZ4Z2x3ZHlQZjZ5WklxZU82Vy1LNkJ2Y2JMZU51U1BNSWI3N3ZCX1MyWDh1c0VDb182YXNkWDM3SC1rOXdmQjV3TTNJX1R0OVRwMEtGcHp6dERMYjdFRkptVS1TanZNSHROYzNlcmNHVlp2dVpVcVZaUkxpNUNDV1NiWGc5NDFFUzVpaFUxWFpSVU94OGp5VHVYNkVXUzNveUhLUHM0LVpRRmpKb094VUo0OHEyWFZRbF9OOWtXOENQd19wWlk0OWRBcXM?oc=5,À vérifier,Nouveau résultat de veille présidentielle 2027
2026-09-07T12:32:20Z,"SONDAGE - Présidentielle 2027 : Marine Le Pen assurée d'être au second tour, et de l'emporter face à Jean-Luc Mélenchon - Europe 1",Google News RSS,https://news.google.com/rss/articles/CBMi6AFBVV95cUxPWWVBWXFRTEZ5VUV1NW5pUG5ld0NTRmpoa3RBaUU4YU9GbGk3X2VjSmVndVlqUlhuMXJ0aHY4clpnel9nYXBsMVNwN2RBUUFSQ3FWNUQ0c1JlODdZZlJQclVPM1hmbDJ2MDdScjJReDlwVWNzdFF1MXNYT1A4N0NHUG14blFRUzE4c2MybEY0clhzT2pyNEN1dGhveXNRZGU1aXZCZlZBQzBWcGM2RFhHY0s5R0lObjBJdUNPSVc0cnBhMWdTTk9QckplUGRyS2NsVGg1ejY2RVNQQzVMWEcwQkdiU2l5cDNH0gHuAUFVX3lxTE5MX0VNTXAyTFF0dldtSXhZUWhOSnJCRWJUMEpqY0JLX2kyTUJ1SHNrYkVrM1dYeTFjZ3h5R2phNTBnSFN0aGJDblk3MEFHX3VGY3RsUnQ2TUtaNTJMTUtkdElmdkhBX2dlR1NremZTRXRYRENDY1NSdmw3N0NHM0prVWpNd2lNZUpaNmlRa082NkZVYTNVdDNpTHZtUmxLSE9XaEpNNW1fRDA3SjFsU0xSTHB6ZXJiZ243SG8zcC1WNFZRVWRzcFVVOEZpbm9SSnNKSEMtRWxMVEFIVDFVVmgxV3FJakdseC1MRjRQdlE?oc=5,À vérifier,Nouveau résultat de veille présidentielle 2027
2026-09-07T12:32:20Z,«J’irai jusqu’à la victoire» : Bruno Retailleau écarte tout ralliement au bloc central - lejdd.fr,Google News RSS,https://news.google.com/rss/articles/CBMiugFBVV95cUxPZDNuaDVqbUxRSUhRT0NYdTdHM1ZtYjk4QW9sVGo5c2dGZHg2SXlDZnlnRElLSFU4bjVITUttRU5KdUQ2N0RpWXlNV28wYWlzN1pJb0FVT0Z4MFk2S0pLQUpaMUxRMFE0cWZjbmZvZ1haa3JlaWZ6d1dZUGx4dGE1cmxyamFNcHlpWlE0Q2dvWUVreEJreFJsMm9KZV9HMjhZLUxZUlUzbGxSc2hoM1pLaVhoZjY1Vzkzd3c?oc=5,À vérifier,Nouveau résultat de veille présidentielle 2027
2026-09-07T12:32:20Z,"Présidentielle 2027 : plus de 80% des chefs d'entreprise plaident pour réduire la fiscalité et réindustrialiser la France, selon un sondage commandé par le Medef - franceinfo",Google News RSS,https://news.google.com/rss/articles/CBMiwwJBVV95cUxQdUN1aVFxcFZCZnJ4TkVqRHdlX2F2UUhPWDBLWW9yV2I2RF9yb1ZWenliWVNNY1hGRVl3SFp0VWVHQ1d4M0RoU3BuU0JRQWFacGFEQ0xOcHdkUGV3QjNHY09nTGF1QTYtOHdYZmNKRmRRUDN3T0ExTmg0bW1td1prN0hyVmhJSk1HbEpPcTZ6N0xrZUZCckYtYU5vamZmVXhCWU1RV3U1dXVSR0x2Q0dIdmZydkFVUmlFWXgtOTRIVDhhSG5JMnlwR1QyMHROMkFsUnpkbjRFT0oxZ21haXN6Z0FYSk5VWG1TWTE0X0UwM3VBY3JVc1JyY3J5SkJtR3RDTWhoT1BxcUotWGg3cVBZQmVXM29aMGtDTlpjTDg3MVR1dGpxSXdIU2tHcjhORm5vd1dkeHVQZXQxR0pnMFFHQy1Rbw?oc=5,À vérifier,Nouveau résultat de veille présidentielle 2027
2026-09-07T12:32:20Z,"Présidentielle 2027 : à huit mois du scrutin, les chefs d'entreprise de plus en plus inquiets face à l'après-Macron - Les Echos",Google News RSS,https://news.google.com/rss/articles/CBMi-wFBVV95cUxQU2xyejB4MTcwUXk0QmxiZU1NeldNN2x6dDFtZnktMjRjZ2VqdmFvb2FXLWVhQW93UGRMaDAxUklfX1RHVGpPX3JWY1QydVduY0hzWTRDYUVER0tuYnJlWTFGVURVRUVNSGdsbmlsdHlsQU5IQzBUM08wYXpQd3daOURoV3VKV19hWXU3ODVrSllFdXNnd1U2cHhLUjh6RXdWMlpaMUJ3RV9wSkEtQ3c2UEduQmhGYWpKTXhwdGVhZmxDNUFtNDlIZ2JWSFlPVFYtOThUbmJZSlFaQlVJXzJOZGJwWVZvb0gtdXFBZl96ekt4UEtQMXdTczdwTQ?oc=5,À vérifier,Nouveau résultat de veille présidentielle 2027
2026-09-07T12:32:20Z,"Présidentielle 2027 : Marine Le Pen en tête des intentions de vote au premier tour, loin devant Edouard Philippe et Jean-Luc Mélenchon - cnews.fr",Google News RSS,https://news.google.com/rss/articles/CBMiuwFBVV95cUxQcWtMcTQxc1dkUVF2OEl2ck1mclFjbnNqR0FCaW5oZWZSQXlhSmRJY25LdkgyRHM4MEgtYVFKbnktUEtPNzJLcXRLZUtOdTRQOG1jQUVPbi1XUHJPSzM1ZWpuOGEtX3lTekZZQ3RxMUtqWkRGTGZ5cmpHbEE4SUZDdXpKNFExQzcxS3hNQ09fZmNIdkREcUw0dURpc2dSeF9iNWFpNl81LU9OSThpR08wWjVxN0FXYlN2dlBJ0gHAAUFVX3lxTE5GdVAyV3ZCWldseXpKWXozaXZkSndLRGpwdzRFSi04dUxzYjRzZ01RVlMtUDZraV8tRGE4ZzlqczdRei01a2ZiR0Q4TkFkSW5yU3RTb0dyeU90eFlDQVhKQ1JBS3FvVFIzUkc5OHR0ODIxckxMS3NfQnlvcGVUTXNKUXJ3bVhZNkR3TFhtb2JNajI2MFdrTGRSNmdvQzJpek1qQVg4b3Jrb2h4eTVlTVNmQktjTS1oWkNGTVFneWpYag?oc=5,À vérifier,Nouveau résultat de veille présidentielle 2027
2026-09-07T12:32:20Z,"Présidentielle 2027: Marine Le Pen domine largement le premier tour selon un sondage, Édouard Philippe meilleur champion du centre et de la droite - bfmtv.com",Google News RSS,https://news.google.com/rss/articles/CBMixAJBVV95cUxOUHNFaE9IYzFSQW02Ny11bjFheEhfN2RzeXB6V183Zl9HdklXdklzUXRaOVpUNW1HT2hrWm55T1kyTEpiREU1MW16eFFTTGNZU2JBa2R1V1k0cWRkWi1GS3BPWVlxX0lvd3FsVmxsbWhTX2pmNW95RzBGblRTemVnV1MzbHd3LUs4NnhSdEZUclVzeU5ySWxuYjNWRS1fMHpEVGpUN3o1OE0wSERWaEhUUDZtYzBvQk1VZXdiemZnR1FfR0xJNzdKVnhRbC1aZGhlZkxfQ3NYWFBwejU3bXE4QUJxQlZtQ0pDWDh1WnRNdkZ3NjVjX2tiemJueTdoanUxYkhGZ25pVmhJU29HX3ZXWXE0RzZDZVFGRGFKamdDekpMN3ZWN1FhRkFuaXBOaDkyVktRYVo1YW11WlJRdFhhRVZBQjg?oc=5,À vérifier,Nouveau résultat de veille présidentielle 2027
2026-09-07T12:32:20Z,"Présidentielle 2027 : pour la première fois depuis 1988, les sondages ont déjà leur favori - RCF Radio",Google News RSS,https://news.google.com/rss/articles/CBMipgFBVV95cUxNMnhicTdWV1RiZ1JUUXdSeEtFSjVjT0dpQkQ5MUFSdXJTWXN6djZvTXJxS041cnI5bmNNRXg3eVFXeV8taWl1WmU4bUZ6R29BU3doR1VWSThsS0thVkJic1FINzhiUk91R2tqbzJRdDkzX2VRTW9abkRLcnpGTFB2MkpMTVJPOWFqR1p4dDN0VVlWRmlTVHFkdmloVlAtMkpsQTZQXzFR?oc=5,À vérifier,Nouveau résultat de veille présidentielle 2027
2026-09-07T12:32:20Z,Présidentielle 2027 : 77 % des Français estiment qu’il est temps qu’une femme accède à l’Elysée - ladepeche.fr,Google News RSS,https://news.google.com/rss/articles/CBMi0wFBVV95cUxQVkFnZFRxdG5sZ3VtcEZUank2SlpRT0p2SEhlOTNCbXJPTlE5SUE5My1mYkhrLTRFdDZDYUw3cTNDazV1ZXBzWENPWEZhTGdrTi1maEx3Z2tSSlMtdV9UeW5xZjF3N2JEQ3g3a3dvT3c2enFPN0toTmU2SkF5YnI0dXBwYXdmSExiZzZQSEhRd1FkZkJXLTNSdzZMQlRsQndMc3lYUmdsdGZ6TlY2VHNIcmU3Vk9qaEJjU0xJVnBqMU56MEZQVnktUDJSQzJLRHFYVXAw?oc=5,À vérifier,Nouveau résultat de veille présidentielle 2027
2026-09-07T12:32:20Z,"Présidentielle 2027 : Mélenchon et Glucksmann au coude-à-coude, derrière le RN et Édouard Philippe - Le Parisien",Google News RSS,https://news.google.com/rss/articles/CBMilwJBVV95cUxONzlmQVFXTGtjRjRjdFhGakkzT256TjB5azJlUGpEX1BTUGZFemFpRGlKbVpCY3NFMnFpN3haaWhjMGNydm00ZDZvZDFMUnNMY3p1RWxBUDl6YnpjZkNFa2NmLXNPSjY2dTRvOVJWMnhFMTlsQTlUdW1FLUxDdXNEOVNBNm13TmZteV90VXhQcTM3V2p5aEtwdElwbDZwWXhOUGNxUFZ5NVdEWjFmSTd1akdCMWs1MTR2cU1va293TXZ2RnpnMVZRY0EtR0pmeWdkbU1PYnNZcmdxMFZJX0NyRThxdEl0cms2dHNuN2pjdmotdk4wSXRlbDgtRE05UFFpNG9NdG5NaDVTWkNYeHRiMFdSSjNPUVk?oc=5,À vérifier,Nouveau résultat de veille présidentielle 2027
2026-09-07T12:32:20Z,Présidentielle 2027 : pourquoi ce nouveau sondage place Marine Le Pen largement en tête et conforte Édouard Philippe - melty.fr,Google News RSS,https://news.google.com/rss/articles/CBMi6wFBVV95cUxOSW1idjdwRkIzc0RiQjd5RG4xMUhPTmpjQjRpUjV6alprNy12WW92X0RWX3owZVMzQ2pfWGtjRTUycXBQMWx1am1vZWVNZlAyaWxNcmU3NFFMWjhTRlc2SVJCUl9pVHU4cGZxMUNDMVFDSHh3c3JDalRVQTd6MmNHMlhRUHhWRGYtSHktd3p1TXVDeFRZVVlOSTY1dzBDakRTRkxuY1k3eFpBcV9nUExvTkdzY2JJdG1iVUpXU0xuTkNidXlmLUZHSmlwdTRpdjJYaUVIVnZpdWo3RGV1cng0cE9yWUJpUEdvdm1Z?oc=5,À vérifier,Nouveau résultat de veille présidentielle 2027
2026-09-07T12:32:20Z,Présidentielle 2027. Sondage Opinion-Way: Edouard Philippe au second tour / Lutte entre Gabriel Attal et Raphaël Glucksmann / Extrêmes entre 56 et 59% - lecentrisme.com,Google News RSS,https://news.google.com/rss/articles/CBMihgFBVV95cUxNTHkycExoM2dDYVVRN1RjMFdpRnh1T3JhTGZUYVRRd3lOMnFGSjBFREpKLTQ3bXJCNERmN05tUDFWY3J4T3R1bFRLdG56UmZYcDE2Rm1reHQweTdwMlRlUU1pRF8zdzltRVNEVzJpc185TUp2LVlYQjVOc2VqR2RfSFlfbExxUQ?oc=5,À vérifier,Nouveau résultat de veille présidentielle 2027
2026-09-07T12:32:20Z,"Présidentielle : Mélenchon et Glucksmann au coude-à-coude, derrière le RN et Édouard Philippe, selon un sondage - Challenges",Google News RSS,https://news.google.com/rss/articles/CBMi5AFBVV95cUxQRzZTNDB5YjQtdWpnbFljVnMyUUhGWDdrOVpuMDhBR2pva3FhQzBBMHRJa2NZLVV0XzA5TVJKeVlrYk85bS1pSTQzX0xWTmYxTlh4cGpCZXIyYkNubDNMa3JCcXJvcDNaTVVNM0hYMEdTeEZOS044R3VtcERWTm94RmNUOVZXWnJxYmhJOVNyalRxUjlmYnJ1V0paMWI4aDdHQTRxYlJrSVF0NHFQdnE3T0gyblBacDdQTnBfNUFxenZLNGt5RHRnUUNHVnRYd3VqeUh2eENBcEh5a2EwV3kwYXpWZlI?oc=5,À vérifier,Nouveau résultat de veille présidentielle 2027
2026-09-07T12:32:20Z,"« Le rapport de force est assez clair ! » : Marine Le Pen et Édouard Philippe, favoris de notre sondage présidentiel - Le Parisien",Google News RSS,https://news.google.com/rss/articles/CBMipwJBVV95cUxOOGdMNjNIZTJoQWhnMGZOVERFeVRNWm9hZHZYamY0V1hMVGZsR0gtdkMwWEFzaEhrZjZESlN5X3VFZ0JJUW1VWGNMaC01R3lCdExydW9TVDk2SUhmaEtOemdBdlYzZldhWTZlVmhGX2x2ZVpveDBaODhlZ3JNZUphOF9jRWlQVEVkRHg1N1NKVEFubERpZDd2SElUUTZSOEc2alptbFR6NWg4V1NkS0ZPMHAteHhPR3U0R0hCZXFMeExBVmRpOF9kR1B6QzNXLVE3S19Sd0swT2NMWkZyclhJYmlMbjFleXN1SFUwQnRSZ0lWdXNJQWgzWFozZzBabnpRZE5vX19WWTlXYUQ4X3ZJVnZzNkM1UWU1WmFua0ppRFJ0eTVYYVdr?oc=5,À vérifier,Nouveau résultat de veille présidentielle 2027
2026-09-07T12:32:20Z,"Présidentielle 2027: Marine Le Pen conserve une avance nette dans les intentions de vote, selon un dernier sondage Ipsos-BVA-Cesi école d’ingénieurs - bfmtv.com",Google News RSS,https://news.google.com/rss/articles/CBMirgJBVV95cUxOMlNEX1FQMEpkazAtcHR2WnotXzA2NlozQ3h2YjdQWU10M21sYU5UWkFpbUloUk9fNnY4S3J0MFN2d2RmT010YWNMUk1qdXFOZENzNjIyTzRCME9rTkJFWk84ZWhxdkxMSG1jVS1zLUpyc0FBX2FvWDNzUXpnaS1jYjItaWJsbGxwS0NJTFUwakhnckdCZGNMS2lveGpJNkJId2ZiQ0lIZVV2Q3BUYXlEVHBBMzlXS2w5SzlIUS0wNHZKOUJEcDlOSGJKOUI5ZDFHMFpjSHJlOUpmb1VVOFY4RE9HdHU5RC10TENlcjMxa3gtcUZJQWtKUnRRWVhpbGdnOXJkZTNLblVuTDlCMGNHTjktQ1dmWGNCM3dwQlJQUVFUSmxzQXRYM3Jfd19RUQ?oc=5,À vérifier,Nouveau résultat de veille présidentielle 2027
2026-09-07T12:32:20Z,Présidentielle 2027 : Marine Le Pen conserve une avance nette dans les intentions de vote - Ipsos,Google News RSS,https://news.google.com/rss/articles/CBMitgFBVV95cUxQN0Nhd0lra0FHODNYNVNILWdzZTR1NGIxMEN6dS1MVFRDRHZZYlFod04zVTdib2FTZ3BMckxWQXdJMEp1NVpaSlpBbV92NUwxMWRXell4dm1FcWlHU1BnSDFqdnpvRnhYMlloU2JYOGxQWlllREt5VTlEang2ZmZ6b0tzUXVtRVJHMlUzS0xoejRxN25pVWZKa2JFbVBMYS14QURXNFVKUXFQNW1tVkdiZjctSE9Gdw?oc=5,À vérifier,Nouveau résultat de veille présidentielle 2027
2026-09-07T12:32:20Z,"Présidentielle 2027 - sondage : Marine Le Pen largement en tête, Édouard Philippe s’impose comme le mieux placé derrière elle - ladepeche.fr - ladepeche.fr",Google News RSS,https://news.google.com/rss/articles/CBMikwJBVV95cUxNWTk5bldxRmluVzg3Q0lfbldFTUxSbDJzcWYxUnRkSHd0dTQ1amJTUTFsa1ZZTmZaaHBVUTNtTTJsSmtkd3hGdlo5MmFVNC1kXzkxWmQ1RVEtSERKUnRkZWU3ejNXSE9WNmtENW9xR3JFZ1Q5VTNBV0xiT2owS3JNQzBVU0s0MFBpMFRjY3Z6MFI3Nzd4WV9vdXh6eHhkVzVnekc3SVBndlNsQm9QenZGcnNnblVZRWdPTzlWUEpGMFhRUG5OQlRkT3UxcjdKanJMZmFxZl9ENGlXMjFaNHlET2Y0Q21ENTFueXZFeHB2bkZFUVg2bHcyLUYteWRGd3BQT2pnRVRiOHpxcXVoVS1Pai1Gbw?oc=5,À vérifier,Nouveau résultat de veille présidentielle 2027
2026-09-07T12:32:20Z,"Présidentielle 2027 : Marine Le Pen caracole en tête, Édouard Philippe devant Mélenchon pour se qualifier au second tour, selon un sondage - RTL",Google News RSS,https://news.google.com/rss/articles/CBMiiwJBVV95cUxQaHVxSnhtTmEtMXY5QUFLdVZfbFZ0ejZSX3NuYVh2ZlRFTU5WMkx4QWZ2QjE5ZjhxdnRHTEwwMHkydVpJYXE2Rks4am1YdTBJdGpOdXZFeFpWRHVRX1k3T1JpcmFhNDF6Z3ljY0dDck1zaWFTc1FhV1dlTXgzTU1PelJvSF9KNlhhRFhGcUxWeVF3RUFCMDE2TXQtYUFrSE1RaU94cXUyQk0weVVRM0gxNmtpeF9KU3VIak5pZVhhZ2dfV2JTRkE3N3J5Q0tBWlZLaGdFdXRXM1ZXOHJ3dVdkV3ZnSXJxM2lxM1doeE9mWVdKTWYyR1lfeDdOeE45dWdIS256S3B1aGZ3TVU?oc=5,À vérifier,Nouveau résultat de veille présidentielle 2027
2026-09-07T12:32:20Z,"Politique. A neuf mois de la présidentielle, un sondage donne Marine Le Pen largement en tête au premier tour - Le Dauphiné Libéré",Google News RSS,https://news.google.com/rss/articles/CBMi3gFBVV95cUxPeTFJSHBZWlQycjlQNGd6UjZoUVRyQ3RiME5YYkZQWjRfY1J5S3k3eVFTamJSa295TUZDQjFLVmNtLUtnSU1tQjFSaFRmcUVqb3lDSEN0RWJSc3RQSGZjbUx5VnZfNFRkUEVNQ0NMWWl0TFNTWS1TTVJMdkxUbEtEc3EwQy12ODBxZk5VODZwVGxodHk2bHFSdDdlMzktYWV6UnhFVU1jTl9BYzMxenRNQUZsYWotdnNhSUg5NHVlQ0tfblR1QkdkSVJ0QWV5VlhtQ1cwaXlseXdab1Exd0E?oc=5,À vérifier,Nouveau résultat de veille présidentielle 2027
2026-09-07T12:32:20Z,"Présidentielle 2027 : Marine Le Pen largement en tête, Édouard Philippe toujours préféré à Gabriel Attal, d’après un sondage - Sud Ouest",Google News RSS,https://news.google.com/rss/articles/CBMi-wFBVV95cUxOZVZoZmY3WW11U3hhOTNzZ2Z6QjFrSTNKTERHQVBpUlFfX0lkclAzSUNDcXpFQXd4YlF3ZHI5LXJZcEN6Tk5uYTRzbUszSC0wZnBINzFxbWFaSnJEZFBZSjBjMkpxeU00WXllbU9oY2xOaG5lRFN0LWthTmxMZk9xRmxDNVRVcEtQNzhjakVabG5qY1hXY2ZPMXdLTWhIX2d1QjhldGlqQ1l0TjNjcEhPLUJlc2pUWmM2d2xRUnZFd2RMc1NGNk9sSDdBVDFNMU1OcTMyWUtJcmxObGJ0Um10Zmlka3VTWlZrbmtrWjFhSDNrVUluaUZhSnpDYw?oc=5,À vérifier,Nouveau résultat de veille présidentielle 2027
2026-09-07T12:32:20Z,"Présidentielle 2027 : Le Pen largement en tête, Philippe toujours préféré à Attal - Le Télégramme",Google News RSS,https://news.google.com/rss/articles/CBMiwwFBVV95cUxPeXFxNG1PNWxhWW9xNlJLOThQaWF3X3JnTDJFVGRfSUZNWkJhT012dmJVblhLOEQteVFXeng1bC1yNjQwVmFPSFp1SW05aVVTTmF2cFJiWTJvUUJJQjFUNXZQblpwN1F6bkpYcElSdDQwZVBJVzAzQ1Fmb1BsaG1MSEJDcWFYbVJSR2J5RXlTbU1jb3lkYzFvWTBKUkstdDVSejRtN2lLdHhNUmVuTldnOVZhX096SUtqSzVYOUNScjhPVVE?oc=5,À vérifier,Nouveau résultat de veille présidentielle 2027
2026-09-07T12:32:20Z,"Présidentielle 2027. Sondage IPSOS-BVA: Attal pas au second tour, Philippe oui / Le Pen en tête / Extrêmes entre 57,5 et 58,5% - lecentrisme.com",Google News RSS,https://news.google.com/rss/articles/CBMigwFBVV95cUxOZ3ZtcUI0MzV3YVY2Tk9yZndVSGxUekZkSHktRzVRY3JtT1ZhOVFXMTlWTXh1cjZMS0tJbXBTQWp0dG5rVkl4TFMzR3FrY2NNM3J1dVBBWEdDd3Zsck5ORUJJOU9BbE9rOGxib1JrdVNGZVg4b3NVTHI3amxnZmtZN2FrVQ?oc=5,À vérifier,Nouveau résultat de veille présidentielle 2027
2026-09-07T12:32:20Z,"Sondage présidentielle 2027: Marine Le Pen largement en tête, Édouard Philippe et Jean-Luc Mélenchon au coude-à-coude derrière - bfmtv.com",Google News RSS,https://news.google.com/rss/articles/CBMikAJBVV95cUxPTGRmem9hRDRjUHpjU1REOUc0RjhESVJpbkUzZFJEOEdCMkc0SzlhdVpwbmoxbWNCZEtEQWV4QUxITUpSR1Z3NkVZODMwTEJjVURBUjE1cVhiRXhVWUJXWWh0MGRXWWZPTWpGMHI1ZFBNMFBSNDN0RzlqUW5MNGlhOGNQQlRSMElncGN6ZExVclBOSjYtSjliRVNEU2pRSTM5bUJZLTVlLW9pMkNUb0hGLXFfRUF4QzhZU0RGQUtVdGFtUm13TTVGRU45Rk5TRG1Dd3FtRXdNZmJNT25BYnRCMGQ3YTVzclhDNzlBMHk2TUtiSXUzbVFGbXg3cldjcEs4RjZ0cjhLRzdlZnF1cHZXcQ?oc=5,À vérifier,Nouveau résultat de veille présidentielle 2027
2026-09-07T12:32:20Z,“Un choix largement réfléchi” : le communiste Fabien Roussel officialise sa candidature à la présidentielle 2027 - L’Éveil de la Haute-Loire,Google News RSS,https://news.google.com/rss/articles/CBMi9wFBVV95cUxNaFR2R09lMXA3T3F2dkM3aTFVQl80ZkVhbFgwS2p2RVlVdXFIZEtMdjY5Wnp5YnQ2VWtYUlV1RXNFOGJuTHdCMFgycUpQMV9YX2tfOWNGM1BBaVhYLUpmRUp6a1RQR3BMaDFNVGNOTmtybWNRZUpPanlZMkxLOGlWWV92WDViN2FoMEtfX1Q4S1VraUFXZDgzcWNqMk10cmlzaDlKR0pzc0dWX2N6dzNWYlhRdzJHZUZkWk1MUnU4bGp6Z0MtZ0k4bERGbXdVZm5IWlFaYkF3Z2R4amhHUF9WdTRiZWRUVjAxRy1pNGVtcGVYYV9Rd1JR?oc=5,À vérifier,Nouveau résultat de veille présidentielle 2027
2026-09-07T12:32:20Z,"Présidentielle 2027 : Marine Le Pen, candidate la moins inquiétante selon un sondage - Ohmymag",Google News RSS,https://news.google.com/rss/articles/CBMi1gFBVV95cUxNOW45WW13WFVYQ2o1QXdITFVRRE9mS1gtemkxV1NqQnZXOW01SWRGNFNaa1cwZTFVdWpRbmhzcGpnLWI4VzN0MmMzZExIWnRQNDZzdTVTVWRqRVVGRWdkYndXR2kxUXo1VHpDdGdEUTRHOE9RNGI1YTFWcEtPUTNZdmpmYnJGcVJIWnlCdHBOUzFNNktobmVvUXBrenZ0WDJLeWRzQTJnNU9pd2tLLUQzNzg3SUVoUEYtNVBZRk8xNmNIWnJKZ2RWSlZrR3VHS1JTQ1Nfd0VR?oc=5,À vérifier,Nouveau résultat de veille présidentielle 2027
2026-09-07T12:32:20Z,"Présidentielle 2027 : Jordan Bardella, un bon président ? - Valeurs actuelles",Google News RSS,https://news.google.com/rss/articles/CBMi7wFBVV95cUxQWGZ1WmtuNDlIa25seDh3QXhSdXdBSkVWeERtVWlzSEVmNWdGaEljRDAybTVFZU94c04xWFNIMEdpYk9vekJEaEh3RkNFNzVCUUFNaHcwZjFMZ2pDblFnNkxVUkpOQlAydThxTkxCaWtBWXJ5MnhPV1pKbVlsbHM5NlhTOUdiVWJLaDBwTGRkOXZtTzRPaVlBX1ZRYU13VnFzUE14LWhITDVFRUNhR1l3OU9YS3RNWVpVSUJMY0htM1ZCZFNkTnFCczNCVWRzOG84UEZZQzcxUUowMGY1QVZaWmQyd2RJb0YxTmZ3Rms3UQ?oc=5,À vérifier,Nouveau résultat de veille présidentielle 2027
2026-09-07T12:32:20Z,"Jordan Bardella, toujours le favori pour représenter le RN - L'Hémicycle",Google News RSS,https://news.google.com/rss/articles/CBMilwFBVV95cUxOM20xbDNobzdGWUQ1MkpUOGRRMHZBckVUQTFOQ3dTaC15TDUxR0l6bUVqSHRVQlpTQ0EyYjdjN1ZMZURlRGd1Z0oyZDh1OXFmdDdJRk9qSHV1Wjk0QUVWNHFhQVRYb3duYlpRNjQwYW5qYmhienA1ZVVNaWljZFdoUW01SGZraTgtR2tXX2w2TC1mS3RNaVpN?oc=5,À vérifier,Nouveau résultat de veille présidentielle 2027
2026-09-07T12:32:20Z,"Présidentielle 2027 : Marine Le Pen et Jordan Bardella, une crédibilité de plus en plus installée chez les Français - Le Figaro",Google News RSS,https://news.google.com/rss/articles/CBMigAJBVV95cUxOdF9kdFlteUxOSEVlYnZ1ZVplY3BEVWNWZ1BOV21sb3dDaUpiREFwRVZZWnF4UGxDQWFzendKcS1RUURIaE1XNHhOS3lMSHFFWDhoU3RaNlQyTHJXVGNnSWdmZFdmTGgyMlVqNFNjSDJEUHQtQkd0ZTNtOG43N2d6aElpRzRzTTlyYXBnN0pxR2s3YV9iZGNWNGNra0duZTVTR0lYamhPclR0dDVkZEJESjF4WS1NbzhYTU9RdWpQTTdmanJOM0JWcGFqUTNYVkhqWGduQlVMS2ZWUHFDdW13RUNFLW50WkZiU2w1b0ROZ0ZNVDlRRTNTcEFWd3FzTW9E?oc=5,À vérifier,Nouveau résultat de veille présidentielle 2027
2026-09-07T12:32:20Z,Présidentielle 2027 : le terrain plutôt que les élites - presseagence.fr,Google News RSS,https://news.google.com/rss/articles/CBMiywFBVV95cUxPRVc0V3NfX1hXeXVXdXJFOE16OHR0a1Ywc1luaG9HZV9ZQjd4MmRCZVFVS2cwcE5udk8zV3pJdTBzcVRFbXphRmItTF9GaVJ5QUw2X2R3SFMyT3NRVWs4OUFVVFd3SGJDeVF2aktXb1NHbU42R1I3VGtWMFJRVHhxWll5UndicGNHR1o1cWVHbEFIbkZodVhsSHNwWHBjcFoyQjRUVVFzUTVmNWNuTWVnQTBnbWYyazJzQ0NfT0NhZmdLWlgxNzRXQm5sTQ?oc=5,À vérifier,Nouveau résultat de veille présidentielle 2027
2026-09-07T12:32:20Z,"Présidentielle 2027 : le duo Marine Le Pen-Jordan Bardella écrase la concurrence, selon un sondage - Valeurs actuelles",Google News RSS,https://news.google.com/rss/articles/CBMi1AFBVV95cUxQZkNoQVUzZ1NYY2YyQXdzRm9DaGVpSnh6RGtwanp0bS1ESUtRYVk4ZVVLbU5TczNqTUJpY0lWb3pSNm4tV295ejFJTmNZSG5BS09zRGtPdGJCVzhKQkptWnNLLU1QS0xPMUJGaU81cWVhSk9rdzc3VGQ3eEdaUDFOMU1lTUFpc3NUcjlxa2tOSWI3WGdKY1o4TjR1ZWp2LWhBRThqdkRGdUlTalM3WVA0Ym5Xb0ZWbXY0U2VBV3NuZEktQzBmVG1KQU5HdGZndDJON01HZQ?oc=5,À vérifier,Nouveau résultat de veille présidentielle 2027
2026-09-07T12:32:20Z,"Présidentielle 2027 : record de popularité pour Jordan Bardella, selon un sondage - Valeurs actuelles",Google News RSS,https://news.google.com/rss/articles/CBMivgFBVV95cUxPVEZnOUdLWHVWT1VjaFB3N1lmQU9MTThwWjhjREtFb25hbC1neHBiOWRtNUpIYWdjMkxJQ3d2TFZiR3I0Z1FweUN3LUJ3UWJGaG5Gb2JGRkE2TmdXTFJKRnZ2ZkQ1WHRUenB5VWd0bnlCVUk1VTVxN0x2UGxaMDRvOVNpbHdpUGNVajhVZV9fblY0NEYtUkx6eW5ldTJnbjZKaVBlaFpBeGRiMnduNDVvd1M5NjkxSG1WNDRkbU1B?oc=5,À vérifier,Nouveau résultat de veille présidentielle 2027
2026-09-07T12:32:20Z,"Intention de vote présidentielle 2027 : des outsiders sans effet, Bardella archi-favori du premier tour - Verian Group",Google News RSS,https://news.google.com/rss/articles/CBMilgFBVV95cUxNTWxlcVZuYXNRM3FfdHFLV205ejdMRV9OZVViVXE5NEdUSk5oeUF4cktrcl9UWkZQMm9CSXlDZ21hUGg5enNUMUxOYUxnemx0NlNJSlZSYlpIRmlYcmwzdmhRMXN5a2FWbVB2T1BCRGtZSm1nQlZOaXdETW56ZnJrNjl6cGhNRlZyMmpGMG5mMS1lVGJ2MWfSAaYBQVVfeXFMTm9xaUxQUHp1ZzdmVk85RlNSanNUNDl5bmROZHVIMkMyMmJFSkhTZW9uZHJ3aEV6cHZwX3dobmJnb3dVSTJRcko0RVEtd1FaUjRvb1o5TFVqTkVTQ2ZoN2hHMnV0dlJVOEYyQS1NVVd1NVp0TVJJNkJHeUNjMEpFMm85WEtKTXRra3V6ODV2WHRBd0o0S2V5eXpRWW95aDc3RDJLbWJwQQ?oc=5,À vérifier,Nouveau résultat de veille présidentielle 2027
2026-09-07T12:32:20Z,"Présidentielle 2027 : les Français veulent partir en vacances avec Jordan Bardella, selon un sondage - Valeurs actuelles",Google News RSS,https://news.google.com/rss/articles/CBMi1wFBVV95cUxONElXUFlzaF9UNGxuN0Q5UWh2Q1RVOHNQS19QMFE1dmVYNGN0UFliNmJ4bklFanlJdEp3S0hyQzFLT3BkTGZSbnQ2OEpqMG5KUDVxRDdnRC15TkQ1bFRaWTdjbWFIeXFmZThfODZnVUpzTHBqRXQwRUtBRDFWVXNyVnhXcFE0U0MwYk9TdkVxNXdidWtsb2RaX3ZfT0xMckdEa2pEN0cwTGdxRkVtYTBHOHlJN1NCeDF5WEk4M0dLRHE1d0I4eTRKT2EyeC1ZbVE1UlY4MVU0Yw?oc=5,À vérifier,Nouveau résultat de veille présidentielle 2027
2026-09-07T12:32:20Z,LIBRE ARBITRE DE VICTOR EYRAUD - Élections présidentielles 2027: un sondage Verian crédite Cyril Hanouna de 1% des voix - bfmtv.com,Google News RSS,https://news.google.com/rss/articles/CBMihAJBVV95cUxPQ0pvSThfcnlKOHE1SHQ1UVRGZHlZTWgwRXVDS1BRUTczTFRobWlWbnNnbks3b3F2OC1UU2RlYjRYdXlqMlFpZHVqTmNwb1kwdW9nZjI4X1U5a2NjSndGQ19KbXN0UWhPc0R2cU9sQlNNbE5oSmE3SmdoODZvbjJyLU1BTEJsVUpZYkZ3Q3VfNEZWcHZDUGZXY1BOUmd1YWNRZ1VXSk1EdkszWm1Xb3dDbHFMYUYxQ210OFVuV2llUDI1ZlU0QkM1SDZqMDZ6LUxZLW42bzZyQ05aNnZaa0lHeDQtM2lZRmRKcUxXaFd4bWRHa082OUhkdkdldkFzRzdhbFpNYg?oc=5,À vérifier,Nouveau résultat de veille présidentielle 2027
2026-09-07T12:32:20Z,"SONDAGE. Présidentielle 2027 : Jordan Bardella en tête, Édouard Philippe et Raphaël Glucksmann loin derrière - Sud Ouest",Google News RSS,https://news.google.com/rss/articles/CBMi-gFBVV95cUxNUmx2VnhjN0t0bDY1VW1pOERNWG1yQnZua3I4T09yR0s2NVFzLVBFZmp0T1VZMllyOXppRXg3bVNYYno5cmRYQ05LbkxMN3hVRjJ0RF9WRWE0bUpSeG9NeURqdjJvU0dRcHAyMGVsQUVlblVUTk56WFU1RG45RE44Y1pKdVJjUDc5X3k3WWE0aUJiTVZUUVBuMk9PUV8zRXJqY21zOEFvbmRuU0NtOUdva19zUFJjVERZTjhHWUlUOEVvNFRxaDJQWUpCSnh6c3U3bS1WZnA3dEhRSkVCX283Z0NMT2tkQUkwU2dQekVlRzRzVjhwckNmNndB?oc=5,À vérifier,Nouveau résultat de veille présidentielle 2027
2026-09-07T12:32:20Z,"Présidentielle 2027 : Patrick Sébastien, Cyril Hanouna, Teddy Riner, Michel-Edouard Leclerc... un sondage teste leur popularité - ladepeche.fr",Google News RSS,https://news.google.com/rss/articles/CBMi_AFBVV95cUxOdUZiWjZaWm0zZW82RkE1aTI1bG1GanJnMThaU3l2TGNUZVFEQTN3TkNiNlhTZDg2b0NPQmVpZ3JkOERleGJuX3Zocm9OSWFHbXNMSWt3d2hDd3NmWENycld2em9laGVjZE92YXRmZnMzV1VOTnpIVnFxcmF5TlFyMTZuRk5TU1FYMmZxMGl3X3BVN0V1NktDV3c5akVpR2tFQUpPYVJvRTJRc0NidUJialdJWUhWQkpJMFJ4dzM2c2N2b3dSM3lKMG5IUzlORDNKT3RJVzNseFNpR3VZY1hqbFlDX3l4ZkI1ZGFWUFRRNV9IejRlRktWb0NqRDQ?oc=5,À vérifier,Nouveau résultat de veille présidentielle 2027
2026-09-07T12:32:20Z,"Présidentielle 2027 : Teddy Riner crédité de 3%, Patrick Sébastien et Michel-Édouard Leclerc de 2% et Cyril Hanouna de 1%, selon un sondage - RTL",Google News RSS,https://news.google.com/rss/articles/CBMiiAJBVV95cUxQWlJ2dVRjUjBKRXAtdFJHNE9qdERGdDlyVjZhOGsySXF2UXhiclhjSVZZYkxEZkNiMTNDVDN0U1VKSkI1RGZ6ZDdTWG1mdG5UVWpscWxsY2FNc2hsbmJWSWtORFJIdFNHWFREZVZCNEJWRnhWRnRZUUl2VnhCdGlxUTJJR3d4MTBiZ1pvZ1lKeXNfbmJXb25FRFluekhtZEJEcFZNUkRxbmN3SGhULV9uanNDNzRoQUNBcG5vSEMyWFNOM05qOVpiYndNVmJ0X0E0RDhQVUVmMmFBU2ptc2dlSkpoRUVCN2l3MHo2NjdiMXJ0dlNFSWJHbWNNN1l1OHlCMk9xZmQ0RFo?oc=5,À vérifier,Nouveau résultat de veille présidentielle 2027
2026-09-07T12:32:20Z,"Présidentielle : les Français jugent tous les candidats mauvais en économie, mais trouvent Marine Le Pen meilleure selon un sondage Odoxa - ladepeche.fr",Google News RSS,https://news.google.com/rss/articles/CBMikAJBVV95cUxOZ3JDWG5FaDhTZHZfRWN4RnRBWXZuQ0Q4Y2xjdWFCbW5UTFZuR0tST1FaNVV6OE1fcTZ4VlJseW55WkVpa2dXODFFVndXU0MzRml5V3pCMXFoVzI5NlpZLUZCOHlRNnQ1VWV4Yjdrd2JWbS11VDY4R1o1dmZIRi1UNlJOQUxOMWV1MmVJc29OY29QYnRhcnBCNlF2NGhjSjllcEF1U1VXOWlUVkRFN0p5NWRMNE1ibHpBRllXZkx5UHctUWZTVDVzd2FzcmQ2OWZmcGVBUndwZ2tudnBkekp4dGNSd2V6clpqTlpDNmlGeEFnRmtxbmhiSWN2TVRWVkNMelM2Qjd3RDZXNVV6TnhMaA?oc=5,À vérifier,Nouveau résultat de veille présidentielle 2027
2026-09-07T12:32:20Z,"Présidentielle 2027 : Marine Le Pen et Édouard Philippe, candidats jugés les plus crédibles sur l’économie - Le Figaro",Google News RSS,https://news.google.com/rss/articles/CBMi3wFBVV95cUxNeU54b2llUjN5QldZQ1p3MEYwM24zZU1uTk9tVkFhOUpOb28tenQ5a04zRHBxQzRCRTBWR3o2TU5neFFXd2MwekI0cXI5VjJKZGNzZmdEZzh4OHdZMDlVcVgzYkVNVWlJdWVzYXlfT1ZucXRLYmhWVFVkem1Ydk5ZWTRuTG5CSkpLeDdBQk1LVm5lMEFQZHV4aEVJZmV2RHV6VzhkVVRwQ2w3cDQtYmFZaFVpa2JnNVJKZ2ZBNDVhME9rMVFseExZQWN4ZHFjaE5fVHhqRXAtbHRqUzdJZm1v?oc=5,À vérifier,Nouveau résultat de veille présidentielle 2027
2026-09-07T12:32:20Z,"Présidentielle 2027 : France Télévisions, Radio France et Odoxa lancent la consultation citoyenne « Dites-le ICI - Programme TV Ouest-France",Google News RSS,https://news.google.com/rss/articles/CBMirgJBVV95cUxQM1lhcmJnSEdhaS15T0lCMnppbXpyU21XeEcyTXl0aHZNQWMyYlUwZGJmQlNjQkE4Ql9fa2Vpd0pOaktDX1hVSmo4U0c5RG1vaU9aNU1jQ3BKalI0UUNCdUpPOEl2SXdxbEhLZ1U1VjhuTjYzYUgtd3RaZXRtQWdhNG9XV3loTXRCYzR2UGozRVg3d05pRkpGSHgxb05VWnpqNFdoNXZadTJnendibGo1VXM4UnJCYklINXZqUTNvaktXeU45NFZWSlpQSlc1MHltUkpoRV95dlI1SVZJVllhb1RQTkxfZERLbG44QWxjekpidXBGUzNqS2JESDNoU01Cb25EQU9ucnloZTBxU2R3YVFLRW1ENGZVUGVxSDVBa0JTMXU1dXpPZ1AzMEg4QQ?oc=5,À vérifier,Nouveau résultat de veille présidentielle 2027
2026-09-07T12:32:20Z,"Sondage présidentielle 2027 : bond de Mélenchon qui se retrouve au coude-à-coude avec Philippe, Bardella toujours largement en tête - Public Sénat",Google News RSS,https://news.google.com/rss/articles/CBMiqgJBVV95cUxNQUx5VU1TdFNTNGtaU2NwTmxMMTR6TVc5aml6RExqMzZmaE0zM3oybzlCdnNFdnZzWXVhSkNzcjhOOERQZEpiWHl0aDA1Ty1DTTl1MFUtR2F4QlJmX2dIa3Zfbi1HNGk3VjY1LUFmbkQwMF9TR2FjOHdKY29LdFJJREluUFB1cnRCMGo5enBzRTNHSndycjlKaDJUOHdkOHpSby1vblVuTDlJS3ZRY0J4ZnZTR2VTei1qaTRrallzZ3lGZTRZMFpFajgwcFhZcWxmbUNaaWZ3bEF3eVN1VmJ4SkRfY3pIaXJEbUs3R0o0azVreVhUQ2NiQk4xSDl0OHFoVnZoS05aLVdzTGhkYTFkZ3kwX1JFN1FKY3RvWXpCbXZSaTg2SWE3WWhB?oc=5,À vérifier,Nouveau résultat de veille présidentielle 2027
2026-09-07T12:32:20Z,Présidentielle 2027: Sébastien Lecornu jugé meilleur candidat qu'Édouard Philippe et Gabriel Attal par les électeurs Renaissance selon un sondage - bfmtv.com,Google News RSS,https://news.google.com/rss/articles/CBMixAJBVV95cUxQbHJIb0ZEX3lmcUkybzZHdEJxQzgzbGV5bE1OZUZ3QWpBMVlWSE43NTdocl9OcWNEc1NheEVvUXc0WV9aLVozZFphMnZoaUtQMlJBWGl2VmQ4VncyRzdDQTZtUDQ0V29FdHpRUWctMnNJMGlYbU1ZdlJ2dkN6VW5mcDZfbmZyY1kzRy03YXVQcmFWS1FlNmt4WVlOT29aV0M1MS1FV2I3UDFTWDlIYTYyaHZ4M0I4MTNaRHJhVW91TWkxVklOT0g5NVNaRGFOQ3hPRzc3SklNQU5Wc1BYUWxfTElheC1JWXM5ZGVuNVBrNjBDNTdBdEk1Y1B4QUxWVzZ2T1Q4Q29nR0Jqc0tTUi1tcXdqR0RiNDk1WTNYTVY2TnlpYzd5TG52SmRqWXFvTnZSeHF3aDBNeFVfeWdYblZMaDNXTUM?oc=5,À vérifier,Nouveau résultat de veille présidentielle 2027
2026-09-07T12:32:20Z,Sondage : une majorité de Français valide la candidature de Marine Le Pen en 2027 - mesinfos,Google News RSS,https://news.google.com/rss/articles/CBMisAFBVV95cUxObm1YMXNMeWxTQXMweHZzazZCY19VRFNPOUJSdUtYRlVlaEFLLVd2Yk11TEpjUThsTUJfbzFmSU5Mb3o4WGlwcXhJMlozcWpkdkZ0YzNoX0tRTWdCWlZ1SlY5WXJfcU0xLXlWWHRUWlNZeE15NWlVc3lDNWRWZjJTMUJXQ09IZW53REM5aTM1LWZLYktmc284cS1JRWpaWWhUWTA2emZ5b0s1am1xOTZaZA?oc=5,À vérifier,Nouveau résultat de veille présidentielle 2027
2026-09-07T12:32:20Z,"Présidentielle 2027 : Marine Le Pen devient la candidate préférée des Français sur l’économie, selon un sondage - Valeurs actuelles",Google News RSS,https://news.google.com/rss/articles/CBMi5AFBVV95cUxPMlF0RTJrZnNfeHAxVThHYzhhX01KNUU3QVdtSWhJaXE3dDltZXRjazh5VVpER0lpTlREYmpqWGl2U05oODl5U2J2amROaGFhaGxCSkxJWWpWNHViTWYzSG9PdDk0S0dYTWUtMTFwdEVkSEJ6Q043elZLM0l4c3lMcXVSZmxnY0I4ZmQ4NllWN21KZ2s0NGJnYXlJeXNTdzcyOUN6cmhRY2Zzd1hjbFFRRllSaHFBZ0FyZEVCdVBUV0J4d2FPZlpCMWtSQ0RnS3lkSVpHMTFEeXNNaThDU3NDN0YxVEU?oc=5,À vérifier,Nouveau résultat de veille présidentielle 2027
2026-09-07T12:32:20Z,"Sondages 2027 : Le Pen solide, risques internes et possible percée Mélenchon - Atlantico",Google News RSS,https://news.google.com/rss/articles/CBMisgFBVV95cUxOenNzaXRaUjNjTzhLc0FEOUI3R2R5UlFfUzEyV2EydkxYZURVSGEzZVUxbzhrZTRReHN3c0g4S1ZseHJJbGtPTzd1ZGtwRmkzejk2VzAxY1U4dTE4YmZlY3RzYzd0RE1UT05DYlRzb1hzcEIzTi03akxOT3RwSTBQWFI3dGFPUTV2aXRibFltVnlwSG9VemJwNWhPT2tjQlJ0NXlGVUF0SVdLVkFEbWxycGtn?oc=5,À vérifier,Nouveau résultat de veille présidentielle 2027
2026-09-07T12:32:20Z,"Élection présidentielle 2027 : Bardella en tête, Mélenchon talonne Philippe, Glucksmann quatrième, selon un sondage - TF1 Info",Google News RSS,https://news.google.com/rss/articles/CBMinwJBVV95cUxPVTRKbHU5TWVTMXFVeDZncGZRQlFvdWdVSGxMV0NObzUwSGVhSTVmRmFUVUw5aVRaWDJNTVAyR0xGcmw3MW5xdUVBRDk5bjUzdTJab3Q3UGtHTHZFMUEwYUg5cEdxdmlsQjZFR0Q0akJ4alVnWE9UNkFFbXh3NU9aRVN0VUxRYklfNXNOM3BjWmFiVnBIRlFDS3pUT1lMZDVxc0JYTmdIZEt4dGhUQ3U4OGIzV1RuMlB2cTFrQ2VFcEdfeTJYRkVDNWlYVTQySUFTSm5RU3RtYzZxN210VUIzX2JJUjlQZ3pZYWJUYTgzbC1kQnRzMERwNmJ5cDZ1a2d0Y195WVd3V1o4cXZlOE1FeUhCU3RFcmc5WFhrak9NRQ?oc=5,À vérifier,Nouveau résultat de veille présidentielle 2027
2026-09-07T12:32:20Z,Philippe va galérer à rompre avec le macronisme (pensent les Français) - 20 Minutes,Google News RSS,https://news.google.com/rss/articles/CBMi4gFBVV95cUxQUE5rQUYyaXVBYUNkMGtnejFTM0dubzdkZTcyblZHNDFfMnZQdkR4QmxNUTRtNGZYT3ZRTTRST1ZMNVdLMkU4T3l4T3BYY19ZWXZYamJHeFpkSXlHSTZOUGxVQjhuVTJHemVJLWRkRlV6Vm5qWkw5UENaMk9HbUZsbGhVdWRWcUNPaFRsdUpRemdLMFQ3Z1IyanNack9Ga2txM2h4V1ZBTnZJM0Z6N0tnMkFfWU9xeGZEaUpWbmRtcm5zdTN2ZWR0VjVNOWpQZ2xwTjB6RmY5WmdZejZGQnE5OHRR?oc=5,À vérifier,Nouveau résultat de veille présidentielle 2027
2026-09-07T12:32:20Z,Présidentielle 2027 : 51% des Français estiment que Marine Le Pen a raison de se présenter - cnews.fr,Google News RSS,https://news.google.com/rss/articles/CBMitAFBVV95cUxOMlpSa3lmMThIUG5zNnFqaGlaN0FwNWktNHozMHdpSFd1TDZtVHhlSlpMZEE0cXNMZFl0U2NNN0FwbmZvLXhaZnNRdEZlQXVFdVZYTVNOTFptSkV0OFhHRVNEMUcyOXhWZGNrdlgwOE94d0xlMXJxTzYtVUM5ZTBmeDNGUDM4WFFIR3VuRFhTck9RbnF2NlNUQW9lMmNHWnh4QjlzWmpHTW5FbExZZnA5eUFBNzDSAboBQVVfeXFMUGRfSlBpTzk2T2ZHalJmcHdBcVZ3MkdsNnhHLWhaeGUteWpyaV9mLTdhLXhJX3Z2SVQ4c0x4aVo0NTh4NENtRjYtdVViQkFRT18wSnpZdjc1SkM3cThVVDVveEJQSW5MVzQ3Ni1DRG56LWVvVFh1bVNUNXlHdzF2Mko2WE1pb3BaeEFtSzNWYVk3dEw0Vm81VHZ5QWhvcGs5Q0JhTWMwRkFYbm9hdGxCSHhOWUdDLXhlUEJ3?oc=5,À vérifier,Nouveau résultat de veille présidentielle 2027
2026-09-07T12:32:20Z,"Présidentielle 2027: Édouard Philippe est impopulaire et mal placé pour incarner la rupture avec le macronisme, selon un sondage - bfmtv.com",Google News RSS,https://news.google.com/rss/articles/CBMirAJBVV95cUxOMjI4bGVxblFUdElmVzhxbjNnSHY3QlBxeHU1dUl6VllITGg4TTJjY1VOVmtTUXFISjQzbWpCQUFqdkNHaE5yMXk0WWhfWm9JNXN1eVB5ZkVaTkNNTFpYZFlVOWI1SE9IRzBpMjZTb2FxTC1GNGtWZ3YtTlhVb1d6SFdxNjdLOURzQngtZHozTllkemM0cDhVMUlHa1Q4VmJYVnRudlFsNDM5TXBCamtfV0lVc2cyQW9LQUkyQVEtQVNzUXJUdzhsN3FYclk3ZHBuVmFSWDdYSVI2bkVsS1UwR3pLRWk4ZVZCcDlyMHkyUkZzMFd5eFhWa3dXYklqNV9vWkp4c21Ya2ZyZUpHT3FXUklrUjNmVDFobU5hM3R1STNsSTNUclN0d05ELUE?oc=5,À vérifier,Nouveau résultat de veille présidentielle 2027
